dist,rho,n,trial,ell,empirical,truncated,true_gittins,fcfs,plcfs
1-6-14,0.8,10,4,14.27,37.549814814814816,48.3101975308642,27.02858317223873,29.31315334077942,35.28057550150213
1-6-14,0.8,10,5,14.18,42.16868459946792,49.4296013400335,27.02858317223873,29.31315334077942,35.28057550150213
1-6-14,0.8,10,6,14.1,41.84791798606713,46.94895562856238,27.02858317223873,29.31315334077942,35.28057550150213
1-6-14,0.8,10,7,5.3500000000000005,40.78242487430331,41.1018712242273,27.02858317223873,29.31315334077942,35.28057550150213
1-6-14,0.8,10,0,5.92,62.98988129127211,38.73504463680551,27.02858317223873,29.31315334077942,35.28057550150213
1-6-14,0.8,10,1,14.120000000000001,33.83378123127157,44.38501787596354,27.02858317223873,29.31315334077942,35.28057550150213
1-6-14,0.8,10,2,14.280000000000001,40.470937239628746,42.45945629638241,27.02858317223873,29.31315334077942,35.28057550150213
1-6-14,0.8,10,3,14.030000000000001,41.68647235032123,49.24840408340231,27.02858317223873,29.31315334077942,35.28057550150213
1-6-14,0.8,10,12,13.56,41.49177030621837,60.12815908954538,27.02858317223873,29.31315334077942,35.28057550150213
1-6-14,0.8,10,13,14.51,29.74631467730469,35.015817797614346,27.02858317223873,29.31315334077942,35.28057550150213
1-6-14,0.8,10,14,13.85,36.865248667318866,51.42023099806337,27.02858317223873,29.31315334077942,35.28057550150213
1-6-14,0.8,10,15,13.870000000000001,31.425099097331238,54.97178021978022,27.02858317223873,29.31315334077942,35.28057550150213
1-6-14,0.8,10,8,14.43,34.74513727776159,37.17975769940736,27.02858317223873,29.31315334077942,35.28057550150213
1-6-14,0.8,10,9,13.43,45.83828265507546,61.91231411879648,27.02858317223873,29.31315334077942,35.28057550150213
1-6-14,0.8,10,10,13.870000000000001,47.3961927536232,50.23033416149069,27.02858317223873,29.31315334077942,35.28057550150213
1-6-14,0.8,10,11,13.81,41.56168123111859,52.882816852861865,27.02858317223873,29.31315334077942,35.28057550150213
1-6-14,0.8,10,16,14.09,30.488429073147103,45.622502623930245,27.02858317223873,29.31315334077942,35.28057550150213
1-6-14,0.8,10,17,14.57,29.0956698783455,34.84257498783455,27.02858317223873,29.31315334077942,35.28057550150213
1-6-14,0.8,10,18,6.54,54.198391521451136,34.12415000509528,27.02858317223873,29.31315334077942,35.28057550150213
1-6-14,0.8,10,19,13.97,32.679129464746836,48.26492697337163,27.02858317223873,29.31315334077942,35.28057550150213
1-6-14,0.8,10,20,14.19,41.834509934815046,45.72564654833896,27.02858317223873,29.31315334077942,35.28057550150213
1-6-14,0.8,10,21,14.36,38.103512772610976,39.62886467936482,27.02858317223873,29.31315334077942,35.28057550150213
1-6-14,0.8,10,22,14.030000000000001,41.74773173482601,46.26077363298384,27.02858317223873,29.31315334077942,35.28057550150213
1-6-14,0.8,10,23,13.94,45.281170937524195,56.06598591004103,27.02858317223873,29.31315334077942,35.28057550150213
1-6-14,0.8,10,24,14.61,31.37289923312274,33.555965152779436,27.02858317223873,29.31315334077942,35.28057550150213
1-6-14,0.8,10,25,14.040000000000001,35.811306980126986,50.845943820887314,27.02858317223873,29.31315334077942,35.28057550150213
1-6-14,0.8,10,26,14.290000000000001,36.22690367538234,38.82358041440553,27.02858317223873,29.31315334077942,35.28057550150213
1-6-14,0.8,10,27,14.08,41.66128470321421,48.834757175256115,27.02858317223873,29.31315334077942,35.28057550150213
1-6-14,0.8,10,28,13.89,32.66309599730645,54.7041803489731,27.02858317223873,29.31315334077942,35.28057550150213
1-6-14,0.8,10,29,13.74,54.393797554347834,56.63900855179028,27.02858317223873,29.31315334077942,35.28057550150213
1-6-14,0.8,10,30,13.8,51.287249279044914,54.10571903926432,27.02858317223873,29.31315334077942,35.28057550150213
1-6-14,0.8,10,31,14.040000000000001,32.877647249518795,45.571304021882284,27.02858317223873,29.31315334077942,35.28057550150213
1-6-14,0.8,10,32,14.35,31.276733765586034,38.45384418952619,27.02858317223873,29.31315334077942,35.28057550150213
1-6-14,0.8,10,33,14.07,41.24986011730797,49.00575534638099,27.02858317223873,29.31315334077942,35.28057550150213
1-6-14,0.8,10,34,13.86,36.66897009097496,54.40034175992271,27.02858317223873,29.31315334077942,35.28057550150213
1-6-14,0.8,10,35,13.94,47.6675700572844,51.1292371110079,27.02858317223873,29.31315334077942,35.28057550150213
1-6-14,0.8,10,36,14.1,33.27161521690405,42.700203761436114,27.02858317223873,29.31315334077942,35.28057550150213
1-6-14,0.8,10,37,13.98,30.09222166819578,52.76272248593881,27.02858317223873,29.31315334077942,35.28057550150213
1-6-14,0.8,10,38,13.59,34.360343553112855,62.41651908309236,27.02858317223873,29.31315334077942,35.28057550150213
1-6-14,0.8,10,39,6.11,34.81029448214813,36.28121235369333,27.02858317223873,29.31315334077942,35.28057550150213
1-6-14,0.8,10,40,13.89,35.63226322696911,52.03744784627138,27.02858317223873,29.31315334077942,35.28057550150213
1-6-14,0.8,10,41,13.97,47.609389125842064,51.56224159923467,27.02858317223873,29.31315334077942,35.28057550150213
1-6-14,0.8,10,42,13.72,54.406682574257424,57.49178415841585,27.02858317223873,29.31315334077942,35.28057550150213
1-6-14,0.8,10,43,13.76,34.58550321241087,57.53794973752253,27.02858317223873,29.31315334077942,35.28057550150213
1-6-14,0.8,10,44,13.77,47.59226270591635,50.668189793980424,27.02858317223873,29.31315334077942,35.28057550150213
1-6-14,0.8,10,45,5.75,60.34069829991368,38.62877360952209,27.02858317223873,29.31315334077942,35.28057550150213
1-6-14,0.8,10,46,13.93,32.87948484431244,51.94099510218533,27.02858317223873,29.31315334077942,35.28057550150213
1-6-14,0.8,10,47,7.3100000000000005,36.537731986011714,32.872323926480156,27.02858317223873,29.31315334077942,35.28057550150213
1-6-14,0.8,10,48,14.6,27.631714436694143,31.032806806172058,27.02858317223873,29.31315334077942,35.28057550150213
1-6-14,0.8,10,49,13.61,31.828159131293187,58.4149228035538,27.02858317223873,29.31315334077942,35.28057550150213
1-6-14,0.8,10,50,14.02,32.738800167140894,49.8335921364188,27.02858317223873,29.31315334077942,35.28057550150213
1-6-14,0.8,10,51,14.17,34.00411687051058,45.02954766064842,27.02858317223873,29.31315334077942,35.28057550150213
1-6-14,0.8,10,52,14.33,35.04223724087768,38.71426637572231,27.02858317223873,29.31315334077942,35.28057550150213
1-6-14,0.8,10,53,14.02,51.80058998898637,56.640007975390226,27.02858317223873,29.31315334077942,35.28057550150213
1-6-14,0.8,10,54,13.35,54.8061875,57.28956352796053,27.02858317223873,29.31315334077942,35.28057550150213
1-6-14,0.8,10,55,13.46,51.804868293487914,55.97976030858723,27.02858317223873,29.31315334077942,35.28057550150213
1-6-14,0.8,10,56,14.8,26.31065603617302,28.760325917330235,27.02858317223873,29.31315334077942,35.28057550150213
1-6-14,0.8,10,57,14.25,31.737404898811107,38.29509893797704,27.02858317223873,29.31315334077942,35.28057550150213
1-6-14,0.8,10,58,13.71,35.99117661174212,54.74129099344105,27.02858317223873,29.31315334077942,35.28057550150213
1-6-14,0.8,10,59,12.97,36.800366089424536,58.98773785529185,27.02858317223873,29.31315334077942,35.28057550150213
1-6-14,0.8,10,60,14.3,28.355492660345565,38.085225874566014,27.02858317223873,29.31315334077942,35.28057550150213
1-6-14,0.8,10,61,6.49,59.501466136737726,35.33023084025854,27.02858317223873,29.31315334077942,35.28057550150213
1-6-14,0.8,10,62,13.71,38.763830675092784,55.90073307252483,27.02858317223873,29.31315334077942,35.28057550150213
1-6-14,0.8,10,63,14.75,28.00068169998544,28.739942584926464,27.02858317223873,29.31315334077942,35.28057550150213
1-6-14,0.8,10,64,14.69,28.190452509777696,30.385770968853226,27.02858317223873,29.31315334077942,35.28057550150213
1-6-14,0.8,10,65,14.06,44.77815455068097,51.63239279979383,27.02858317223873,29.31315334077942,35.28057550150213
1-6-14,0.8,10,66,14.08,36.730166448583745,50.19934094057881,27.02858317223873,29.31315334077942,35.28057550150213
1-6-14,0.8,10,67,14.58,32.50985893293404,34.6710536685318,27.02858317223873,29.31315334077942,35.28057550150213
1-6-14,0.8,10,68,6.3,49.25347740472591,34.57613771978677,27.02858317223873,29.31315334077942,35.28057550150213
1-6-14,0.8,10,69,14.040000000000001,38.40322052777609,54.014936711424355,27.02858317223873,29.31315334077942,35.28057550150213
1-6-14,0.8,10,70,14.25,39.448086802660214,41.15822327076003,27.02858317223873,29.31315334077942,35.28057550150213
1-6-14,0.8,10,71,13.77,49.49261456603925,56.26512791790851,27.02858317223873,29.31315334077942,35.28057550150213
1-6-14,0.8,10,72,13.06,45.26973384333412,60.52536078571998,27.02858317223873,29.31315334077942,35.28057550150213
1-6-14,0.8,10,73,13.870000000000001,42.08638873363143,56.221943668157145,27.02858317223873,29.31315334077942,35.28057550150213
1-6-14,0.8,10,74,14.3,36.00713756559316,37.532913880028815,27.02858317223873,29.31315334077942,35.28057550150213
1-6-14,0.8,10,75,13.82,54.867374512814465,54.867374512814465,27.02858317223873,29.31315334077942,35.28057550150213
1-6-14,0.8,10,76,14.52,29.56598489238824,34.24874922563498,27.02858317223873,29.31315334077942,35.28057550150213
1-6-14,0.8,10,77,13.98,40.30198704792269,52.66458244495368,27.02858317223873,29.31315334077942,35.28057550150213
1-6-14,0.8,10,78,14.36,33.46158214183877,36.627817019023176,27.02858317223873,29.31315334077942,35.28057550150213
1-6-14,0.8,10,79,14.83,30.076232750320926,31.17405206996149,27.02858317223873,29.31315334077942,35.28057550150213
1-6-14,0.8,10,80,13.99,41.766646756806516,44.37289504367214,27.02858317223873,29.31315334077942,35.28057550150213
1-6-14,0.8,10,81,13.72,45.912748493826186,56.63149702741932,27.02858317223873,29.31315334077942,35.28057550150213
1-6-14,0.8,10,82,14.52,36.1816282388437,36.435207224838436,27.02858317223873,29.31315334077942,35.28057550150213
1-6-14,0.8,10,83,14.3,41.425617623298066,42.90987842604087,27.02858317223873,29.31315334077942,35.28057550150213
1-6-14,0.8,10,84,13.92,38.075893610516665,47.86617629674921,27.02858317223873,29.31315334077942,35.28057550150213
1-6-14,0.8,10,85,13.89,39.199665504248834,54.75554753888087,27.02858317223873,29.31315334077942,35.28057550150213
1-6-14,0.8,10,86,14.07,31.16178117205698,42.31888607177457,27.02858317223873,29.31315334077942,35.28057550150213
1-6-14,0.8,10,87,13.92,40.52856756971479,54.05551163899262,27.02858317223873,29.31315334077942,35.28057550150213
1-6-14,0.8,10,88,14.57,28.82624680010482,33.29230634335127,27.02858317223873,29.31315334077942,35.28057550150213
1-6-14,0.8,10,89,13.33,41.25105556923582,54.9682793646885,27.02858317223873,29.31315334077942,35.28057550150213
1-6-14,0.8,10,90,15.030000000000001,30.689373819215863,31.31318816586487,27.02858317223873,29.31315334077942,35.28057550150213
1-6-14,0.8,10,91,14.370000000000001,32.35519065767217,35.21862942507184,27.02858317223873,29.31315334077942,35.28057550150213
1-6-14,0.8,10,92,14.11,42.544169860029854,45.69010770037514,27.02858317223873,29.31315334077942,35.28057550150213
1-6-14,0.8,10,93,13.81,27.8280974501491,54.528144106132224,27.02858317223873,29.31315334077942,35.28057550150213
1-6-14,0.8,10,94,14.31,30.955888640124602,38.38938479509394,27.02858317223873,29.31315334077942,35.28057550150213
1-6-14,0.8,10,95,14.58,29.21728960569179,32.579397246037935,27.02858317223873,29.31315334077942,35.28057550150213
1-6-14,0.8,10,96,6.17,35.23074337863307,35.88470409681579,27.02858317223873,29.31315334077942,35.28057550150213
1-6-14,0.8,10,97,14.61,30.692940945289067,32.33047409246044,27.02858317223873,29.31315334077942,35.28057550150213
1-6-14,0.8,10,98,14.0,30.07551629053076,51.69047698204717,27.02858317223873,29.31315334077942,35.28057550150213
1-6-14,0.8,10,99,13.77,47.073878050259786,55.93949275215817,27.02858317223873,29.31315334077942,35.28057550150213
1-6-14,0.8,100,0,14.27,24.700580112252464,34.71824335486603,27.02858317223873,29.31315334077942,35.28057550150213
1-6-14,0.8,100,1,14.3,27.2263102520186,39.19832762417421,27.02858317223873,29.31315334077942,35.28057550150213
1-6-14,0.8,100,2,14.15,25.847294139775958,41.133644666443736,27.02858317223873,29.31315334077942,35.28057550150213
1-6-14,0.8,100,3,14.11,30.99471529804085,41.956554606085874,27.02858317223873,29.31315334077942,35.28057550150213
1-6-14,0.8,100,4,14.370000000000001,29.714951908596213,37.224855123391094,27.02858317223873,29.31315334077942,35.28057550150213
1-6-14,0.8,100,5,14.49,28.15244996219808,35.48346842545064,27.02858317223873,29.31315334077942,35.28057550150213
1-6-14,0.8,100,6,14.44,28.91865244889508,37.96794262696231,27.02858317223873,29.31315334077942,35.28057550150213
1-6-14,0.8,100,7,14.290000000000001,28.11097996611183,38.35791647563042,27.02858317223873,29.31315334077942,35.28057550150213
1-6-14,0.8,100,8,14.620000000000001,27.922819486220632,32.12659885375172,27.02858317223873,29.31315334077942,35.28057550150213
1-6-14,0.8,100,9,14.51,27.41980114089676,33.33526547790011,27.02858317223873,29.31315334077942,35.28057550150213
1-6-14,0.8,100,10,14.22,27.492206430191125,40.59178875121477,27.02858317223873,29.31315334077942,35.28057550150213
1-6-14,0.8,100,11,14.4,27.19944081607265,33.631529928883914,27.02858317223873,29.31315334077942,35.28057550150213
1-6-14,0.8,100,12,14.08,30.561268633540372,50.24018808229813,27.02858317223873,29.31315334077942,35.28057550150213
1-6-14,0.8,100,13,14.38,29.06302366292406,40.876985190550926,27.02858317223873,29.31315334077942,35.28057550150213
1-6-14,0.8,100,14,14.42,28.68050339412775,34.450814795125545,27.02858317223873,29.31315334077942,35.28057550150213
1-6-14,0.8,100,15,14.41,27.420734429013287,36.17442375725231,27.02858317223873,29.31315334077942,35.28057550150213
1-6-14,0.8,100,16,14.36,28.64274202727897,38.08499892061623,27.02858317223873,29.31315334077942,35.28057550150213
1-6-14,0.8,100,17,14.44,26.55477899325879,34.27823638638841,27.02858317223873,29.31315334077942,35.28057550150213
1-6-14,0.8,100,18,14.49,27.227612723103004,34.03206142187656,27.02858317223873,29.31315334077942,35.28057550150213
1-6-14,0.8,100,19,14.23,29.81568545854272,43.36632282506282,27.02858317223873,29.31315334077942,35.28057550150213
1-6-14,0.8,100,20,14.42,27.532119585971255,35.37452718319767,27.02858317223873,29.31315334077942,35.28057550150213
1-6-14,0.8,100,21,14.36,26.326584453798688,35.636847439617476,27.02858317223873,29.31315334077942,35.28057550150213
1-6-14,0.8,100,22,14.52,27.41473341631129,33.16219694341855,27.02858317223873,29.31315334077942,35.28057550150213
1-6-14,0.8,100,23,14.46,26.6772640121009,34.24844752871919,27.02858317223873,29.31315334077942,35.28057550150213
1-6-14,0.8,100,24,14.21,27.80952658441506,40.289645943013305,27.02858317223873,29.31315334077942,35.28057550150213
1-6-14,0.8,100,25,14.530000000000001,29.0043633436727,35.187146531077,27.02858317223873,29.31315334077942,35.28057550150213
1-6-14,0.8,100,26,14.49,30.586102867078978,35.09795510679919,27.02858317223873,29.31315334077942,35.28057550150213
1-6-14,0.8,100,27,14.370000000000001,27.4323252879003,37.86222314245149,27.02858317223873,29.31315334077942,35.28057550150213
1-6-14,0.8,100,28,14.47,28.152231967639878,34.836449197004285,27.02858317223873,29.31315334077942,35.28057550150213
1-6-14,0.8,100,29,14.3,28.8871233144803,41.499429124997555,27.02858317223873,29.31315334077942,35.28057550150213
1-6-14,0.8,100,30,14.39,25.51765680347863,32.99258797327394,27.02858317223873,29.31315334077942,35.28057550150213
1-6-14,0.8,100,31,14.21,29.010779484627985,41.84524182681344,27.02858317223873,29.31315334077942,35.28057550150213
1-6-14,0.8,100,32,14.4,28.96563576539613,37.33292224138273,27.02858317223873,29.31315334077942,35.28057550150213
1-6-14,0.8,100,33,14.32,27.71639927732611,35.81056890494831,27.02858317223873,29.31315334077942,35.28057550150213
1-6-14,0.8,100,34,14.43,27.182366624373156,35.81662034519566,27.02858317223873,29.31315334077942,35.28057550150213
1-6-14,0.8,100,35,14.31,28.45317441906185,39.38460346793536,27.02858317223873,29.31315334077942,35.28057550150213
1-6-14,0.8,100,36,14.25,32.345718750622105,39.270024884040375,27.02858317223873,29.31315334077942,35.28057550150213
1-6-14,0.8,100,37,14.280000000000001,27.586045033005302,38.57390373790143,27.02858317223873,29.31315334077942,35.28057550150213
1-6-14,0.8,100,38,14.31,31.113116062586652,40.72636304218657,27.02858317223873,29.31315334077942,35.28057550150213
1-6-14,0.8,100,39,14.22,27.682102211809553,40.235149902712145,27.02858317223873,29.31315334077942,35.28057550150213
1-6-14,0.8,100,40,14.23,27.43139746025398,41.16515408459154,27.02858317223873,29.31315334077942,35.28057550150213
1-6-14,0.8,100,41,14.32,27.971675982067033,40.48827444551972,27.02858317223873,29.31315334077942,35.28057550150213
1-6-14,0.8,100,42,14.24,26.531619737418858,37.19937276920829,27.02858317223873,29.31315334077942,35.28057550150213
1-6-14,0.8,100,43,14.56,28.52811073779884,32.76807131343342,27.02858317223873,29.31315334077942,35.28057550150213
1-6-14,0.8,100,44,14.33,28.27342708896769,37.26092673838572,27.02858317223873,29.31315334077942,35.28057550150213
1-6-14,0.8,100,45,14.34,31.037062388017635,39.50182352585912,27.02858317223873,29.31315334077942,35.28057550150213
1-6-14,0.8,100,46,14.32,30.497233179904025,41.08538928606404,27.02858317223873,29.31315334077942,35.28057550150213
1-6-14,0.8,100,47,14.25,35.93680606336094,42.99029783197297,27.02858317223873,29.31315334077942,35.28057550150213
1-6-14,0.8,100,48,14.48,26.18997972579642,32.98129313286629,27.02858317223873,29.31315334077942,35.28057550150213
1-6-14,0.8,100,49,14.57,26.729135266291493,32.01919704754914,27.02858317223873,29.31315334077942,35.28057550150213
1-6-14,0.8,100,50,14.4,30.25702354369883,38.2181617503036,27.02858317223873,29.31315334077942,35.28057550150213
1-6-14,0.8,100,51,14.040000000000001,32.553154884859616,53.38247781348023,27.02858317223873,29.31315334077942,35.28057550150213
1-6-14,0.8,100,52,14.5,27.126221490375766,33.87242948022992,27.02858317223873,29.31315334077942,35.28057550150213
1-6-14,0.8,100,53,14.26,26.117115478515625,38.17332804361979,27.02858317223873,29.31315334077942,35.28057550150213
1-6-14,0.8,100,54,14.55,29.284942251580482,35.54241287080564,27.02858317223873,29.31315334077942,35.28057550150213
1-6-14,0.8,100,55,14.44,27.96787548731964,35.07250673204453,27.02858317223873,29.31315334077942,35.28057550150213
1-6-14,0.8,100,56,14.39,29.268402289983353,36.24567968654838,27.02858317223873,29.31315334077942,35.28057550150213
1-6-14,0.8,100,57,14.41,29.38588874514877,37.87267270375162,27.02858317223873,29.31315334077942,35.28057550150213
1-6-14,0.8,100,58,14.67,26.960382730089016,31.172805380181167,27.02858317223873,29.31315334077942,35.28057550150213
1-6-14,0.8,100,59,14.56,28.46198651609004,33.71495543133404,27.02858317223873,29.31315334077942,35.28057550150213
1-6-14,0.8,100,60,14.51,26.360118186406464,32.04953440444145,27.02858317223873,29.31315334077942,35.28057550150213
1-6-14,0.8,100,61,14.42,27.41492283483629,35.987703201597775,27.02858317223873,29.31315334077942,35.28057550150213
1-6-14,0.8,100,62,14.44,28.52769880613046,35.109664972941715,27.02858317223873,29.31315334077942,35.28057550150213
1-6-14,0.8,100,63,14.450000000000001,26.363470305376882,33.20178729782052,27.02858317223873,29.31315334077942,35.28057550150213
1-6-14,0.8,100,64,14.22,26.057480802316313,37.44730686920398,27.02858317223873,29.31315334077942,35.28057550150213
1-6-14,0.8,100,65,14.43,29.21404471301504,37.48916297714491,27.02858317223873,29.31315334077942,35.28057550150213
1-6-14,0.8,100,66,14.38,26.2861443585332,35.43261623929852,27.02858317223873,29.31315334077942,35.28057550150213
1-6-14,0.8,100,67,14.370000000000001,26.93674774265183,36.57404290532755,27.02858317223873,29.31315334077942,35.28057550150213
1-6-14,0.8,100,68,14.48,29.783197091024697,35.7608184473543,27.02858317223873,29.31315334077942,35.28057550150213
1-6-14,0.8,100,69,14.68,25.301796221547168,28.779888685447965,27.02858317223873,29.31315334077942,35.28057550150213
1-6-14,0.8,100,70,14.24,26.445145889145017,37.3425362905738,27.02858317223873,29.31315334077942,35.28057550150213
1-6-14,0.8,100,71,14.52,28.26572964914024,34.593535632640894,27.02858317223873,29.31315334077942,35.28057550150213
1-6-14,0.8,100,72,14.26,27.861494643323752,37.9269534280718,27.02858317223873,29.31315334077942,35.28057550150213
1-6-14,0.8,100,73,14.34,30.38436527866272,39.67438607998201,27.02858317223873,29.31315334077942,35.28057550150213
1-6-14,0.8,100,74,14.47,28.968477395672338,35.63127511591963,27.02858317223873,29.31315334077942,35.28057550150213
1-6-14,0.8,100,75,14.31,28.361399907303692,40.43310745046541,27.02858317223873,29.31315334077942,35.28057550150213
1-6-14,0.8,100,76,14.4,27.480528340651816,36.42305523103573,27.02858317223873,29.31315334077942,35.28057550150213
1-6-14,0.8,100,77,14.280000000000001,27.38825256392454,39.224829501497695,27.02858317223873,29.31315334077942,35.28057550150213
1-6-14,0.8,100,78,14.24,28.367856733637566,42.157135858077005,27.02858317223873,29.31315334077942,35.28057550150213
1-6-14,0.8,100,79,14.44,27.91043803743045,34.780700455235205,27.02858317223873,29.31315334077942,35.28057550150213
1-6-14,0.8,100,80,14.450000000000001,30.798132319421516,37.08937396840368,27.02858317223873,29.31315334077942,35.28057550150213
1-6-14,0.8,100,81,14.33,28.366277223452844,37.17771313194676,27.02858317223873,29.31315334077942,35.28057550150213
1-6-14,0.8,100,82,14.34,27.50850501091086,38.86091348096662,27.02858317223873,29.31315334077942,35.28057550150213
1-6-14,0.8,100,83,14.58,29.363688322449544,33.77282557657782,27.02858317223873,29.31315334077942,35.28057550150213
1-6-14,0.8,100,84,14.38,26.38328127256597,34.42255936784336,27.02858317223873,29.31315334077942,35.28057550150213
1-6-14,0.8,100,85,14.31,28.406405962458592,36.53606367316893,27.02858317223873,29.31315334077942,35.28057550150213
1-6-14,0.8,100,86,14.530000000000001,27.978732306492496,34.469779489179174,27.02858317223873,29.31315334077942,35.28057550150213
1-6-14,0.8,100,87,14.200000000000001,28.851663970231357,39.93444042226177,27.02858317223873,29.31315334077942,35.28057550150213
1-6-14,0.8,100,88,14.64,28.325280176336175,31.580423651695618,27.02858317223873,29.31315334077942,35.28057550150213
1-6-14,0.8,100,89,14.33,31.473982102908277,37.77284095226035,27.02858317223873,29.31315334077942,35.28057550150213
1-6-14,0.8,100,90,14.17,28.723790201501384,43.66616534966416,27.02858317223873,29.31315334077942,35.28057550150213
1-6-14,0.8,100,91,14.4,29.957130362017097,36.54838775876153,27.02858317223873,29.31315334077942,35.28057550150213
1-6-14,0.8,100,92,14.370000000000001,30.353992552751343,35.073764377327265,27.02858317223873,29.31315334077942,35.28057550150213
1-6-14,0.8,100,93,14.14,30.225138644143325,41.93547872232687,27.02858317223873,29.31315334077942,35.28057550150213
1-6-14,0.8,100,94,14.65,27.640371586028046,32.554869316800385,27.02858317223873,29.31315334077942,35.28057550150213
1-6-14,0.8,100,95,14.290000000000001,28.84326428030622,37.79581875157735,27.02858317223873,29.31315334077942,35.28057550150213
1-6-14,0.8,100,96,14.44,28.767281384252932,35.817502128249295,27.02858317223873,29.31315334077942,35.28057550150213
1-6-14,0.8,100,97,14.3,29.72929152804804,38.04439792438224,27.02858317223873,29.31315334077942,35.28057550150213
1-6-14,0.8,100,98,14.57,29.007732367683627,33.404070331925645,27.02858317223873,29.31315334077942,35.28057550150213
1-6-14,0.8,100,99,14.38,30.14274162089006,36.62428608391051,27.02858317223873,29.31315334077942,35.28057550150213
1-6-14,0.8,1000,0,14.71,27.546191478989957,31.14284742127328,27.02858317223873,29.31315334077942,35.28057550150213
1-6-14,0.8,1000,1,14.61,28.42740369236845,34.11600138217001,27.02858317223873,29.31315334077942,35.28057550150213
1-6-14,0.8,1000,2,14.66,27.304903274110647,31.618573596665183,27.02858317223873,29.31315334077942,35.28057550150213
1-6-14,0.8,1000,3,14.75,26.153752325487343,28.849971689719325,27.02858317223873,29.31315334077942,35.28057550150213
1-6-14,0.8,1000,4,14.67,27.826892584375553,31.75973101918206,27.02858317223873,29.31315334077942,35.28057550150213
1-6-14,0.8,1000,5,14.61,28.51754988638317,34.039654757585595,27.02858317223873,29.31315334077942,35.28057550150213
1-6-14,0.8,1000,6,14.63,27.22288830364682,31.82960958546098,27.02858317223873,29.31315334077942,35.28057550150213
1-6-14,0.8,1000,7,14.620000000000001,27.758011860781647,33.18584289325297,27.02858317223873,29.31315334077942,35.28057550150213
1-6-14,0.8,1000,8,14.64,29.740132822623675,35.329054234316644,27.02858317223873,29.31315334077942,35.28057550150213
1-6-14,0.8,1000,9,14.68,27.267616922922315,31.09730941613908,27.02858317223873,29.31315334077942,35.28057550150213
1-6-14,0.8,1000,10,14.65,26.151532447695796,30.497376449544788,27.02858317223873,29.31315334077942,35.28057550150213
1-6-14,0.8,1000,11,14.61,26.968699034226372,31.2282450398028,27.02858317223873,29.31315334077942,35.28057550150213
1-6-14,0.8,1000,12,14.620000000000001,27.533868984610375,32.43835843986646,27.02858317223873,29.31315334077942,35.28057550150213
1-6-14,0.8,1000,13,14.64,27.324976645184183,31.73289047872445,27.02858317223873,29.31315334077942,35.28057550150213
1-6-14,0.8,1000,14,14.65,27.83948557038932,32.33086717563354,27.02858317223873,29.31315334077942,35.28057550150213
1-6-14,0.8,1000,15,14.620000000000001,26.290549214364713,30.923371867370573,27.02858317223873,29.31315334077942,35.28057550150213
1-6-14,0.8,1000,16,14.64,24.867054115115657,28.138965250134483,27.02858317223873,29.31315334077942,35.28057550150213
1-6-14,0.8,1000,17,14.64,26.234378785398594,30.4140855704698,27.02858317223873,29.31315334077942,35.28057550150213
1-6-14,0.8,1000,18,14.6,27.42015694309072,32.95098104350247,27.02858317223873,29.31315334077942,35.28057550150213
1-6-14,0.8,1000,19,14.58,28.804000038254085,35.45100761256264,27.02858317223873,29.31315334077942,35.28057550150213
1-6-14,0.8,1000,20,14.68,27.045650852574042,30.73547809415028,27.02858317223873,29.31315334077942,35.28057550150213
1-6-14,0.8,1000,21,14.72,25.759522833602446,28.592255620419824,27.02858317223873,29.31315334077942,35.28057550150213
1-6-14,0.8,1000,22,14.66,26.892507604117924,31.85814771486508,27.02858317223873,29.31315334077942,35.28057550150213
1-6-14,0.8,1000,23,14.61,26.013689757495143,31.25871032436304,27.02858317223873,29.31315334077942,35.28057550150213
1-6-14,0.8,1000,24,14.55,27.992583686940122,33.74540075436115,27.02858317223873,29.31315334077942,35.28057550150213
1-6-14,0.8,1000,25,14.64,26.620386523480306,30.662311569803354,27.02858317223873,29.31315334077942,35.28057550150213
1-6-14,0.8,1000,26,14.620000000000001,26.226438003488084,30.439376505273646,27.02858317223873,29.31315334077942,35.28057550150213
1-6-14,0.8,1000,27,14.66,27.202642024262886,32.2573638647874,27.02858317223873,29.31315334077942,35.28057550150213
1-6-14,0.8,1000,28,14.66,25.709398958826316,29.368367661886047,27.02858317223873,29.31315334077942,35.28057550150213
1-6-14,0.8,1000,29,14.61,27.398406388642414,32.19744671201814,27.02858317223873,29.31315334077942,35.28057550150213
1-6-14,0.8,1000,30,14.65,27.51035645879957,31.67747131998629,27.02858317223873,29.31315334077942,35.28057550150213
1-6-14,0.8,1000,31,14.700000000000001,27.504369948640363,31.338590795079032,27.02858317223873,29.31315334077942,35.28057550150213
1-6-14,0.8,1000,32,14.6,25.924040826216004,30.843570577664707,27.02858317223873,29.31315334077942,35.28057550150213
1-6-14,0.8,1000,33,14.66,26.581509222915948,30.581253991173657,27.02858317223873,29.31315334077942,35.28057550150213
1-6-14,0.8,1000,34,14.61,27.970420184338934,33.433642823948574,27.02858317223873,29.31315334077942,35.28057550150213
1-6-14,0.8,1000,35,14.6,27.392973950795948,32.404830559575494,27.02858317223873,29.31315334077942,35.28057550150213
1-6-14,0.8,1000,36,14.71,26.541250206850904,29.7880533261625,27.02858317223873,29.31315334077942,35.28057550150213
1-6-14,0.8,1000,37,14.64,26.995138584684003,31.286584365417543,27.02858317223873,29.31315334077942,35.28057550150213
1-6-14,0.8,1000,38,14.59,25.592113913171083,30.292329832505292,27.02858317223873,29.31315334077942,35.28057550150213
1-6-14,0.8,1000,39,14.57,26.417885118528506,31.944556211844922,27.02858317223873,29.31315334077942,35.28057550150213
1-6-14,0.8,1000,40,14.620000000000001,25.713412317455155,29.858210552007492,27.02858317223873,29.31315334077942,35.28057550150213
1-6-14,0.8,1000,41,14.620000000000001,26.488014276443867,30.794931456846207,27.02858317223873,29.31315334077942,35.28057550150213
1-6-14,0.8,1000,42,14.6,27.1280441898527,31.880694583050577,27.02858317223873,29.31315334077942,35.28057550150213
1-6-14,0.8,1000,43,14.67,29.172114050180564,33.29840023445329,27.02858317223873,29.31315334077942,35.28057550150213
1-6-14,0.8,1000,44,14.66,26.04035488194659,30.058545623260127,27.02858317223873,29.31315334077942,35.28057550150213
1-6-14,0.8,1000,45,14.66,26.533037009153226,30.822043824543332,27.02858317223873,29.31315334077942,35.28057550150213
1-6-14,0.8,1000,46,14.65,26.203003134796237,30.143065223986245,27.02858317223873,29.31315334077942,35.28057550150213
1-6-14,0.8,1000,47,14.69,26.464901382075762,30.125361599055545,27.02858317223873,29.31315334077942,35.28057550150213
1-6-14,0.8,1000,48,14.63,26.908137819034824,30.889473103835435,27.02858317223873,29.31315334077942,35.28057550150213
1-6-14,0.8,1000,49,14.65,26.9260558013766,31.246524295313012,27.02858317223873,29.31315334077942,35.28057550150213
1-6-14,0.8,1000,50,14.65,27.221978109819833,31.276650269527973,27.02858317223873,29.31315334077942,35.28057550150213
1-6-14,0.8,1000,51,14.67,27.786270961538463,31.668978846153845,27.02858317223873,29.31315334077942,35.28057550150213
1-6-14,0.8,1000,52,14.65,27.028552183777652,31.063912770439998,27.02858317223873,29.31315334077942,35.28057550150213
1-6-14,0.8,1000,53,14.64,26.122127781296612,30.14753917822774,27.02858317223873,29.31315334077942,35.28057550150213
1-6-14,0.8,1000,54,14.63,27.40458633881959,32.33397421591679,27.02858317223873,29.31315334077942,35.28057550150213
1-6-14,0.8,1000,55,14.56,27.791374918029526,34.048088746696344,27.02858317223873,29.31315334077942,35.28057550150213
1-6-14,0.8,1000,56,14.66,26.320623036543104,30.790649992906218,27.02858317223873,29.31315334077942,35.28057550150213
1-6-14,0.8,1000,57,14.59,27.560461733203503,33.36330399221033,27.02858317223873,29.31315334077942,35.28057550150213
1-6-14,0.8,1000,58,14.63,28.429081488459726,33.75012209138012,27.02858317223873,29.31315334077942,35.28057550150213
1-6-14,0.8,1000,59,14.66,27.315624474736087,31.466128523111614,27.02858317223873,29.31315334077942,35.28057550150213
1-6-14,0.8,1000,60,14.6,27.406203267515284,32.668353212388496,27.02858317223873,29.31315334077942,35.28057550150213
1-6-14,0.8,1000,61,14.64,26.413836158307884,30.999156811707074,27.02858317223873,29.31315334077942,35.28057550150213
1-6-14,0.8,1000,62,14.59,26.039935460302,30.856020051956488,27.02858317223873,29.31315334077942,35.28057550150213
1-6-14,0.8,1000,63,14.67,25.73957437527264,29.00167653351613,27.02858317223873,29.31315334077942,35.28057550150213
1-6-14,0.8,1000,64,14.76,25.25762979216693,27.565516684607104,27.02858317223873,29.31315334077942,35.28057550150213
1-6-14,0.8,1000,65,14.700000000000001,28.359350889126418,32.77910076766106,27.02858317223873,29.31315334077942,35.28057550150213
1-6-14,0.8,1000,66,14.71,27.15567379229776,30.790555020393104,27.02858317223873,29.31315334077942,35.28057550150213
1-6-14,0.8,1000,67,14.63,26.389237180796734,30.742251685393263,27.02858317223873,29.31315334077942,35.28057550150213
1-6-14,0.8,1000,68,14.540000000000001,28.550462910779874,35.32428668597081,27.02858317223873,29.31315334077942,35.28057550150213
1-6-14,0.8,1000,69,14.59,26.090605094255846,31.554700278529047,27.02858317223873,29.31315334077942,35.28057550150213
1-6-14,0.8,1000,70,14.64,27.369744526989653,31.48353967438552,27.02858317223873,29.31315334077942,35.28057550150213
1-6-14,0.8,1000,71,14.66,28.365167164353885,31.92064426098328,27.02858317223873,29.31315334077942,35.28057550150213
1-6-14,0.8,1000,72,14.58,26.672793167038726,31.648100941473356,27.02858317223873,29.31315334077942,35.28057550150213
1-6-14,0.8,1000,73,14.66,27.340209309462914,31.85781115089514,27.02858317223873,29.31315334077942,35.28057550150213
1-6-14,0.8,1000,74,14.64,26.970839323211113,31.58393777257309,27.02858317223873,29.31315334077942,35.28057550150213
1-6-14,0.8,1000,75,14.65,27.642697493258762,31.87509877159692,27.02858317223873,29.31315334077942,35.28057550150213
1-6-14,0.8,1000,76,14.6,27.686089491471822,32.45627863312054,27.02858317223873,29.31315334077942,35.28057550150213
1-6-14,0.8,1000,77,14.6,27.00464060252517,32.32634109797028,27.02858317223873,29.31315334077942,35.28057550150213
1-6-14,0.8,1000,78,14.64,28.005384182674277,32.93626401100046,27.02858317223873,29.31315334077942,35.28057550150213
1-6-14,0.8,1000,79,14.620000000000001,25.969690470337596,30.383930473615212,27.02858317223873,29.31315334077942,35.28057550150213
1-6-14,0.8,1000,80,14.66,28.12326195926745,32.34028773287022,27.02858317223873,29.31315334077942,35.28057550150213
1-6-14,0.8,1000,81,14.620000000000001,26.891053704413814,31.226673595834427,27.02858317223873,29.31315334077942,35.28057550150213
1-6-14,0.8,1000,82,14.69,26.945779950617283,30.260929185185187,27.02858317223873,29.31315334077942,35.28057550150213
1-6-14,0.8,1000,83,14.71,27.594569937819973,31.191683960691243,27.02858317223873,29.31315334077942,35.28057550150213
1-6-14,0.8,1000,84,14.6,28.11335284997348,32.602446244236816,27.02858317223873,29.31315334077942,35.28057550150213
1-6-14,0.8,1000,85,14.68,27.371142922979438,31.121337826679724,27.02858317223873,29.31315334077942,35.28057550150213
1-6-14,0.8,1000,86,14.61,26.495482845356676,30.931002716571086,27.02858317223873,29.31315334077942,35.28057550150213
1-6-14,0.8,1000,87,14.64,26.274445594996475,30.894875740380233,27.02858317223873,29.31315334077942,35.28057550150213
1-6-14,0.8,1000,88,14.63,26.536869036066633,30.877023289665214,27.02858317223873,29.31315334077942,35.28057550150213
1-6-14,0.8,1000,89,14.6,26.55419315531839,31.07128931280069,27.02858317223873,29.31315334077942,35.28057550150213
1-6-14,0.8,1000,90,14.63,27.107523803971866,31.67724748358012,27.02858317223873,29.31315334077942,35.28057550150213
1-6-14,0.8,1000,91,14.620000000000001,25.990753007605928,30.203756821102758,27.02858317223873,29.31315334077942,35.28057550150213
1-6-14,0.8,1000,92,14.67,25.900252559590466,29.49,27.02858317223873,29.31315334077942,35.28057550150213
1-6-14,0.8,1000,93,14.57,27.53987395296392,33.14669116462629,27.02858317223873,29.31315334077942,35.28057550150213
1-6-14,0.8,1000,94,14.61,26.26881804461535,30.773529119890842,27.02858317223873,29.31315334077942,35.28057550150213
1-6-14,0.8,1000,95,14.71,26.175415845005997,29.353544694952124,27.02858317223873,29.31315334077942,35.28057550150213
1-6-14,0.8,1000,96,14.620000000000001,27.696616201337005,32.684443767204094,27.02858317223873,29.31315334077942,35.28057550150213
1-6-14,0.8,1000,97,14.700000000000001,26.18438139477777,29.609624498649424,27.02858317223873,29.31315334077942,35.28057550150213
1-6-14,0.8,1000,98,14.6,26.18314126318361,30.99230871034736,27.02858317223873,29.31315334077942,35.28057550150213
1-6-14,0.8,1000,99,14.67,26.416018526108697,30.299289900811544,27.02858317223873,29.31315334077942,35.28057550150213
1-6-14,0.98,10,4,13.75,2347.0356317996716,2347.0356317996716,250.57280262316408,279.70483354616783,352.8057550150209
1-6-14,0.98,10,5,14.43,831.2999965585477,831.2999965585477,250.57280262316408,279.70483354616783,352.8057550150209
1-6-14,0.98,10,6,14.6,724.3201989438701,724.3201989438701,250.57280262316408,279.70483354616783,352.8057550150209
1-6-14,0.98,10,7,14.32,1149.2054471348495,1149.2054471348495,250.57280262316408,279.70483354616783,352.8057550150209
1-6-14,0.98,10,0,14.52,2039.642685213748,2039.642685213748,250.57280262316408,279.70483354616783,352.8057550150209
1-6-14,0.98,10,1,13.6,1328.05747144455,1328.05747144455,250.57280262316408,279.70483354616783,352.8057550150209
1-6-14,0.98,10,2,14.11,2708.7565200800996,2708.7565200800996,250.57280262316408,279.70483354616783,352.8057550150209
1-6-14,0.98,10,3,13.23,1182.7384781830388,1182.7384781830388,250.57280262316408,279.70483354616783,352.8057550150209
1-6-14,0.98,10,8,14.57,1018.8728651297625,1018.8728651297625,250.57280262316408,279.70483354616783,352.8057550150209
1-6-14,0.98,10,9,14.26,1431.406391926151,1431.406391926151,250.57280262316408,279.70483354616783,352.8057550150209
1-6-14,0.98,10,10,14.22,1321.3313698402383,1321.3313698402383,250.57280262316408,279.70483354616783,352.8057550150209
1-6-14,0.98,10,11,14.73,408.0231988883996,408.0231988883996,250.57280262316408,279.70483354616783,352.8057550150209
1-6-14,0.98,10,16,14.84,419.2011810211449,419.2011810211449,250.57280262316408,279.70483354616783,352.8057550150209
1-6-14,0.98,10,17,14.200000000000001,1222.648433277001,1222.648433277001,250.57280262316408,279.70483354616783,352.8057550150209
1-6-14,0.98,10,18,14.61,579.6610117112392,579.6610117112392,250.57280262316408,279.70483354616783,352.8057550150209
1-6-14,0.98,10,19,14.64,638.3995659264837,638.3995659264837,250.57280262316408,279.70483354616783,352.8057550150209
1-6-14,0.98,10,12,14.02,1601.8950952603916,1601.8950952603916,250.57280262316408,279.70483354616783,352.8057550150209
1-6-14,0.98,10,13,14.94,388.91661994700866,388.91661994700866,250.57280262316408,279.70483354616783,352.8057550150209
1-6-14,0.98,10,14,14.64,658.7503846739613,658.7503846739613,250.57280262316408,279.70483354616783,352.8057550150209
1-6-14,0.98,10,15,14.14,2831.669942393256,2831.669942393256,250.57280262316408,279.70483354616783,352.8057550150209
1-6-14,0.98,10,20,14.09,984.9797501276928,984.9797501276928,250.57280262316408,279.70483354616783,352.8057550150209
1-6-14,0.98,10,21,14.64,533.7591770569645,533.7591770569645,250.57280262316408,279.70483354616783,352.8057550150209
1-6-14,0.98,10,22,13.950000000000001,859.3878097317078,859.3878097317078,250.57280262316408,279.70483354616783,352.8057550150209
1-6-14,0.98,10,23,15.1,387.1659165377495,387.1659165377495,250.57280262316408,279.70483354616783,352.8057550150209
1-6-14,0.98,10,24,14.66,514.9189174437444,514.9189174437444,250.57280262316408,279.70483354616783,352.8057550150209
1-6-14,0.98,10,25,14.16,1480.861436998703,1480.861436998703,250.57280262316408,279.70483354616783,352.8057550150209
1-6-14,0.98,10,26,14.58,574.611032259381,574.611032259381,250.57280262316408,279.70483354616783,352.8057550150209
1-6-14,0.98,10,27,14.4,828.8564332112301,828.8564332112301,250.57280262316408,279.70483354616783,352.8057550150209
1-6-14,0.98,10,28,15.02,311.28358545125786,311.28358545125786,250.57280262316408,279.70483354616783,352.8057550150209
1-6-14,0.98,10,29,13.97,2608.679570692653,2608.679570692653,250.57280262316408,279.70483354616783,352.8057550150209
1-6-14,0.98,10,30,14.44,962.6164967164493,962.6164967164493,250.57280262316408,279.70483354616783,352.8057550150209
1-6-14,0.98,10,31,14.92,381.7778550839518,381.7778550839518,250.57280262316408,279.70483354616783,352.8057550150209
1-6-14,0.98,10,36,14.67,547.2158295475355,547.2158295475355,250.57280262316408,279.70483354616783,352.8057550150209
1-6-14,0.98,10,37,14.5,619.7604354356523,619.7604354356523,250.57280262316408,279.70483354616783,352.8057550150209
1-6-14,0.98,10,38,14.22,2064.608481702695,2064.608481702695,250.57280262316408,279.70483354616783,352.8057550150209
1-6-14,0.98,10,39,14.620000000000001,710.5415778290804,710.5415778290804,250.57280262316408,279.70483354616783,352.8057550150209
1-6-14,0.98,10,32,14.48,759.5664781183702,759.5664781183702,250.57280262316408,279.70483354616783,352.8057550150209
1-6-14,0.98,10,33,13.870000000000001,1815.8328238690697,1815.8328238690697,250.57280262316408,279.70483354616783,352.8057550150209
1-6-14,0.98,10,34,14.5,963.5617056512122,963.5617056512122,250.57280262316408,279.70483354616783,352.8057550150209
1-6-14,0.98,10,35,14.030000000000001,2087.523906622912,2087.523906622912,250.57280262316408,279.70483354616783,352.8057550150209
1-6-14,0.98,10,40,14.61,518.8501967366088,518.8501967366088,250.57280262316408,279.70483354616783,352.8057550150209
1-6-14,0.98,10,41,14.88,433.4709584601257,433.4709584601257,250.57280262316408,279.70483354616783,352.8057550150209
1-6-14,0.98,10,42,13.83,1244.726285252644,1244.726285252644,250.57280262316408,279.70483354616783,352.8057550150209
1-6-14,0.98,10,43,15.08,296.0865015924638,296.0865015924638,250.57280262316408,279.70483354616783,352.8057550150209
1-6-14,0.98,10,48,15.290000000000001,262.5064292157419,262.5064292157419,250.57280262316408,279.70483354616783,352.8057550150209
1-6-14,0.98,10,49,14.49,713.010747858473,713.010747858473,250.57280262316408,279.70483354616783,352.8057550150209
1-6-14,0.98,10,50,15.25,275.3487592406617,275.3487592406617,250.57280262316408,279.70483354616783,352.8057550150209
1-6-14,0.98,10,51,6.5600000000000005,348.70568251354706,348.70568251354706,250.57280262316408,279.70483354616783,352.8057550150209
1-6-14,0.98,10,44,14.51,1390.952339223573,1390.952339223573,250.57280262316408,279.70483354616783,352.8057550150209
1-6-14,0.98,10,45,14.56,742.8361289441334,742.8361289441334,250.57280262316408,279.70483354616783,352.8057550150209
1-6-14,0.98,10,46,14.26,1779.2465038921239,1779.2465038921239,250.57280262316408,279.70483354616783,352.8057550150209
1-6-14,0.98,10,47,14.530000000000001,542.8406992507754,542.8406992507754,250.57280262316408,279.70483354616783,352.8057550150209
1-6-14,0.98,10,56,14.67,641.1610012612339,641.1610012612339,250.57280262316408,279.70483354616783,352.8057550150209
1-6-14,0.98,10,57,14.370000000000001,607.8565212688634,607.8565212688634,250.57280262316408,279.70483354616783,352.8057550150209
1-6-14,0.98,10,58,7.15,343.97244886758625,343.97244886758625,250.57280262316408,279.70483354616783,352.8057550150209
1-6-14,0.98,10,59,14.26,884.2442905717501,884.2442905717501,250.57280262316408,279.70483354616783,352.8057550150209
1-6-14,0.98,10,52,14.32,865.3057415070864,865.3057415070864,250.57280262316408,279.70483354616783,352.8057550150209
1-6-14,0.98,10,53,14.52,1218.100773225071,1218.100773225071,250.57280262316408,279.70483354616783,352.8057550150209
1-6-14,0.98,10,54,14.370000000000001,780.181516096029,780.181516096029,250.57280262316408,279.70483354616783,352.8057550150209
1-6-14,0.98,10,55,14.1,1434.8124088578754,1434.8124088578754,250.57280262316408,279.70483354616783,352.8057550150209
1-6-14,0.98,10,60,14.92,370.89983599822244,370.89983599822244,250.57280262316408,279.70483354616783,352.8057550150209
1-6-14,0.98,10,61,13.85,1079.1126557954576,1079.1126557954576,250.57280262316408,279.70483354616783,352.8057550150209
1-6-14,0.98,10,62,14.43,1281.1903192273112,1281.1903192273112,250.57280262316408,279.70483354616783,352.8057550150209
1-6-14,0.98,10,63,14.02,951.7353587817147,951.7353587817147,250.57280262316408,279.70483354616783,352.8057550150209
1-6-14,0.98,10,68,14.92,250.09741689430243,250.09741689430243,250.57280262316408,279.70483354616783,352.8057550150209
1-6-14,0.98,10,69,14.42,826.3549851032068,826.3549851032068,250.57280262316408,279.70483354616783,352.8057550150209
1-6-14,0.98,10,70,14.65,401.25350129697273,401.25350129697273,250.57280262316408,279.70483354616783,352.8057550150209
1-6-14,0.98,10,71,15.26,253.5717290457277,253.5717290457277,250.57280262316408,279.70483354616783,352.8057550150209
1-6-14,0.98,10,64,13.24,1253.5423818347156,1253.5423818347156,250.57280262316408,279.70483354616783,352.8057550150209
1-6-14,0.98,10,65,14.01,1161.8095426836283,1161.8095426836283,250.57280262316408,279.70483354616783,352.8057550150209
1-6-14,0.98,10,66,14.530000000000001,1150.4316857141398,1150.4316857141398,250.57280262316408,279.70483354616783,352.8057550150209
1-6-14,0.98,10,67,14.61,1186.0241094629048,1186.0241094629048,250.57280262316408,279.70483354616783,352.8057550150209
1-6-14,0.98,10,72,14.38,952.3780971005253,952.3780971005253,250.57280262316408,279.70483354616783,352.8057550150209
1-6-14,0.98,10,73,14.73,715.4871913973327,715.4871913973327,250.57280262316408,279.70483354616783,352.8057550150209
1-6-14,0.98,10,74,15.33,274.02420479441855,274.02420479441855,250.57280262316408,279.70483354616783,352.8057550150209
1-6-14,0.98,10,75,14.15,1880.537404242765,1880.537404242765,250.57280262316408,279.70483354616783,352.8057550150209
1-6-14,0.98,10,76,14.19,591.3612169213401,591.3612169213401,250.57280262316408,279.70483354616783,352.8057550150209
1-6-14,0.98,10,77,14.620000000000001,608.5506509842763,608.5506509842763,250.57280262316408,279.70483354616783,352.8057550150209
1-6-14,0.98,10,78,14.09,1574.3049866416156,1574.3049866416156,250.57280262316408,279.70483354616783,352.8057550150209
1-6-14,0.98,10,79,14.35,892.4068413336813,892.4068413336813,250.57280262316408,279.70483354616783,352.8057550150209
1-6-14,0.98,10,84,13.74,1156.7962411967026,1156.7962411967026,250.57280262316408,279.70483354616783,352.8057550150209
1-6-14,0.98,10,85,14.76,510.31513349034,510.31513349034,250.57280262316408,279.70483354616783,352.8057550150209
1-6-14,0.98,10,86,13.94,1015.6128826413632,1015.6128826413632,250.57280262316408,279.70483354616783,352.8057550150209
1-6-14,0.98,10,87,15.5,270.3998116194304,270.3998116194304,250.57280262316408,279.70483354616783,352.8057550150209
1-6-14,0.98,10,80,14.18,1509.3479649120063,1509.3479649120063,250.57280262316408,279.70483354616783,352.8057550150209
1-6-14,0.98,10,81,13.8,1573.3215780936653,1573.3215780936653,250.57280262316408,279.70483354616783,352.8057550150209
1-6-14,0.98,10,82,14.34,1219.753871806692,1219.753871806692,250.57280262316408,279.70483354616783,352.8057550150209
1-6-14,0.98,10,83,14.33,940.410166091145,940.410166091145,250.57280262316408,279.70483354616783,352.8057550150209
1-6-14,0.98,10,88,14.56,512.8044517512617,512.8044517512617,250.57280262316408,279.70483354616783,352.8057550150209
1-6-14,0.98,10,89,13.39,1176.395212572325,1176.395212572325,250.57280262316408,279.70483354616783,352.8057550150209
1-6-14,0.98,10,90,14.51,713.877125173007,713.877125173007,250.57280262316408,279.70483354616783,352.8057550150209
1-6-14,0.98,10,91,13.98,1249.875350321739,1249.875350321739,250.57280262316408,279.70483354616783,352.8057550150209
1-6-14,0.98,10,92,14.85,474.14811516000134,474.14811516000134,250.57280262316408,279.70483354616783,352.8057550150209
1-6-14,0.98,10,93,14.67,778.1782350791296,778.1782350791296,250.57280262316408,279.70483354616783,352.8057550150209
1-6-14,0.98,10,94,14.38,1145.7443589659492,1145.7443589659492,250.57280262316408,279.70483354616783,352.8057550150209
1-6-14,0.98,10,95,14.870000000000001,571.0860567039061,571.0860567039061,250.57280262316408,279.70483354616783,352.8057550150209
1-6-14,0.98,10,96,14.76,657.0165137679576,657.0165137679576,250.57280262316408,279.70483354616783,352.8057550150209
1-6-14,0.98,10,97,14.700000000000001,503.61224465387744,503.61224465387744,250.57280262316408,279.70483354616783,352.8057550150209
1-6-14,0.98,10,98,13.780000000000001,1570.961444293861,1570.961444293861,250.57280262316408,279.70483354616783,352.8057550150209
1-6-14,0.98,10,99,14.07,1921.4960561612245,1921.4960561612245,250.57280262316408,279.70483354616783,352.8057550150209
1-6-14,0.98,100,0,14.86,351.277393134549,456.5177298915789,250.57280262316408,279.70483354616783,352.8057550150209
1-6-14,0.98,100,1,15.02,409.30124999131857,409.30124999131857,250.57280262316408,279.70483354616783,352.8057550150209
1-6-14,0.98,100,2,14.83,554.7369296267384,585.5795422413046,250.57280262316408,279.70483354616783,352.8057550150209
1-6-14,0.98,100,3,15.15,162.03065011239113,173.9796054017983,250.57280262316408,279.70483354616783,352.8057550150209
1-6-14,0.98,100,8,14.74,216.67193279200285,377.205045701784,250.57280262316408,279.70483354616783,352.8057550150209
1-6-14,0.98,100,9,14.530000000000001,488.46449653080987,603.458437673658,250.57280262316408,279.70483354616783,352.8057550150209
1-6-14,0.98,100,10,15.19,207.38245874601708,230.06864490056734,250.57280262316408,279.70483354616783,352.8057550150209
1-6-14,0.98,100,11,14.870000000000001,270.4731265324201,336.45613529588564,250.57280262316408,279.70483354616783,352.8057550150209
1-6-14,0.98,100,4,14.790000000000001,274.6739381920868,398.86789137608275,250.57280262316408,279.70483354616783,352.8057550150209
1-6-14,0.98,100,5,14.780000000000001,747.3382061367049,747.3382061367049,250.57280262316408,279.70483354616783,352.8057550150209
1-6-14,0.98,100,6,15.01,547.1621017596339,677.0313417632595,250.57280262316408,279.70483354616783,352.8057550150209
1-6-14,0.98,100,7,14.99,298.5778101477772,318.10678791975175,250.57280262316408,279.70483354616783,352.8057550150209
1-6-14,0.98,100,16,15.0,382.5612068440639,419.4639216063918,250.57280262316408,279.70483354616783,352.8057550150209
1-6-14,0.98,100,17,14.64,331.53269011456314,634.167520871899,250.57280262316408,279.70483354616783,352.8057550150209
1-6-14,0.98,100,18,14.77,334.68395876221285,414.0984155801719,250.57280262316408,279.70483354616783,352.8057550150209
1-6-14,0.98,100,19,14.86,493.5425932614584,530.923631186153,250.57280262316408,279.70483354616783,352.8057550150209
1-6-14,0.98,100,12,15.43,341.2361875668773,352.2313044510027,250.57280262316408,279.70483354616783,352.8057550150209
1-6-14,0.98,100,13,14.950000000000001,251.1628991901925,334.79918471009415,250.57280262316408,279.70483354616783,352.8057550150209
1-6-14,0.98,100,14,14.81,701.4657255558551,843.5981080825424,250.57280262316408,279.70483354616783,352.8057550150209
1-6-14,0.98,100,15,14.73,618.2163306426628,670.5093127805911,250.57280262316408,279.70483354616783,352.8057550150209
1-6-14,0.98,100,20,15.030000000000001,244.7045006312367,349.8634830430797,250.57280262316408,279.70483354616783,352.8057550150209
1-6-14,0.98,100,21,14.8,252.73862479284958,257.66050014942005,250.57280262316408,279.70483354616783,352.8057550150209
1-6-14,0.98,100,22,14.44,919.0241765866849,968.9106499813514,250.57280262316408,279.70483354616783,352.8057550150209
1-6-14,0.98,100,23,14.81,358.0594391853668,523.8007425985293,250.57280262316408,279.70483354616783,352.8057550150209
1-6-14,0.98,100,24,14.77,361.859137090037,433.3454970086507,250.57280262316408,279.70483354616783,352.8057550150209
1-6-14,0.98,100,25,15.07,308.3744637738985,388.2206336159601,250.57280262316408,279.70483354616783,352.8057550150209
1-6-14,0.98,100,26,15.200000000000001,300.5961752191358,344.4774384758887,250.57280262316408,279.70483354616783,352.8057550150209
1-6-14,0.98,100,27,14.58,458.10208330549557,702.712229175482,250.57280262316408,279.70483354616783,352.8057550150209
1-6-14,0.98,100,32,14.91,231.52776139580078,291.42039128046974,250.57280262316408,279.70483354616783,352.8057550150209
1-6-14,0.98,100,33,15.09,206.06094724485678,236.60267106737507,250.57280262316408,279.70483354616783,352.8057550150209
1-6-14,0.98,100,34,14.73,271.929386982956,424.29535801245135,250.57280262316408,279.70483354616783,352.8057550150209
1-6-14,0.98,100,35,15.0,358.96943742720913,476.2786006138561,250.57280262316408,279.70483354616783,352.8057550150209
1-6-14,0.98,100,28,14.73,263.7289539303727,509.57447262885967,250.57280262316408,279.70483354616783,352.8057550150209
1-6-14,0.98,100,29,15.19,431.9955157243569,462.44727104408,250.57280262316408,279.70483354616783,352.8057550150209
1-6-14,0.98,100,30,14.82,294.4852174352908,302.47773436162436,250.57280262316408,279.70483354616783,352.8057550150209
1-6-14,0.98,100,31,15.1,317.6264209681072,356.5100267660442,250.57280262316408,279.70483354616783,352.8057550150209
1-6-14,0.98,100,36,14.75,454.0861850545471,489.047874143555,250.57280262316408,279.70483354616783,352.8057550150209
1-6-14,0.98,100,37,14.93,300.2486587528453,372.95518176644964,250.57280262316408,279.70483354616783,352.8057550150209
1-6-14,0.98,100,38,14.790000000000001,263.6451375615587,598.5137504280316,250.57280262316408,279.70483354616783,352.8057550150209
1-6-14,0.98,100,39,15.21,300.33778111577476,337.1632938484318,250.57280262316408,279.70483354616783,352.8057550150209
1-6-14,0.98,100,40,14.96,286.52215906154413,402.98341716696416,250.57280262316408,279.70483354616783,352.8057550150209
1-6-14,0.98,100,41,15.01,448.22315708715433,468.45136098875975,250.57280262316408,279.70483354616783,352.8057550150209
1-6-14,0.98,100,42,14.88,283.13672904773165,407.14589251089416,250.57280262316408,279.70483354616783,352.8057550150209
1-6-14,0.98,100,43,14.92,339.6240723749348,555.3978826401433,250.57280262316408,279.70483354616783,352.8057550150209
1-6-14,0.98,100,44,14.76,236.25664824225348,537.4458458818202,250.57280262316408,279.70483354616783,352.8057550150209
1-6-14,0.98,100,45,14.96,415.2103676311242,454.21123669865466,250.57280262316408,279.70483354616783,352.8057550150209
1-6-14,0.98,100,46,14.88,532.6461222797927,542.1176301918499,250.57280262316408,279.70483354616783,352.8057550150209
1-6-14,0.98,100,47,14.620000000000001,402.66572547897744,467.0007901240454,250.57280262316408,279.70483354616783,352.8057550150209
1-6-14,0.98,100,48,14.85,239.29116888539747,357.96817044947875,250.57280262316408,279.70483354616783,352.8057550150209
1-6-14,0.98,100,49,14.71,213.63014295920232,395.3560800601934,250.57280262316408,279.70483354616783,352.8057550150209
1-6-14,0.98,100,50,14.68,434.6502686950212,774.5767339253699,250.57280262316408,279.70483354616783,352.8057550150209
1-6-14,0.98,100,51,14.9,409.8989970815234,462.0804538047608,250.57280262316408,279.70483354616783,352.8057550150209
1-6-14,0.98,100,52,14.790000000000001,376.36397467907494,439.5824833547704,250.57280262316408,279.70483354616783,352.8057550150209
1-6-14,0.98,100,53,14.97,186.36609277745157,211.04572519083968,250.57280262316408,279.70483354616783,352.8057550150209
1-6-14,0.98,100,54,14.98,225.28544903333983,259.09665492391207,250.57280262316408,279.70483354616783,352.8057550150209
1-6-14,0.98,100,55,14.96,317.39350461450346,364.7704596930607,250.57280262316408,279.70483354616783,352.8057550150209
1-6-14,0.98,100,60,15.14,251.79027781176399,256.4268110145903,250.57280262316408,279.70483354616783,352.8057550150209
1-6-14,0.98,100,61,15.13,243.42422799097065,244.82820316027087,250.57280262316408,279.70483354616783,352.8057550150209
1-6-14,0.98,100,62,14.790000000000001,350.52175798213955,368.12543037800475,250.57280262316408,279.70483354616783,352.8057550150209
1-6-14,0.98,100,63,14.92,287.19596547845043,397.53144927230545,250.57280262316408,279.70483354616783,352.8057550150209
1-6-14,0.98,100,56,14.69,390.0548847969578,641.5025127782476,250.57280262316408,279.70483354616783,352.8057550150209
1-6-14,0.98,100,57,14.72,697.5002936635507,708.6211133200796,250.57280262316408,279.70483354616783,352.8057550150209
1-6-14,0.98,100,58,14.68,342.05783718572326,572.9006819436067,250.57280262316408,279.70483354616783,352.8057550150209
1-6-14,0.98,100,59,14.950000000000001,448.9316453677995,518.0517980770396,250.57280262316408,279.70483354616783,352.8057550150209
1-6-14,0.98,100,68,14.780000000000001,282.72858449822394,535.4789749814726,250.57280262316408,279.70483354616783,352.8057550150209
1-6-14,0.98,100,69,14.9,352.2489115571307,363.76143079249067,250.57280262316408,279.70483354616783,352.8057550150209
1-6-14,0.98,100,70,14.59,455.2525395803144,563.9982240290524,250.57280262316408,279.70483354616783,352.8057550150209
1-6-14,0.98,100,71,14.91,172.04575319148935,229.30260409771475,250.57280262316408,279.70483354616783,352.8057550150209
1-6-14,0.98,100,64,14.84,287.8949996971663,355.59777529742587,250.57280262316408,279.70483354616783,352.8057550150209
1-6-14,0.98,100,65,14.9,267.184954882586,309.3414871835137,250.57280262316408,279.70483354616783,352.8057550150209
1-6-14,0.98,100,66,14.58,971.2061888325121,1020.1200317729424,250.57280262316408,279.70483354616783,352.8057550150209
1-6-14,0.98,100,67,14.81,216.79987702319198,223.96046092913502,250.57280262316408,279.70483354616783,352.8057550150209
1-6-14,0.98,100,72,14.93,401.75121852135743,407.6522480663369,250.57280262316408,279.70483354616783,352.8057550150209
1-6-14,0.98,100,73,14.72,517.6227610613131,823.8921404103459,250.57280262316408,279.70483354616783,352.8057550150209
1-6-14,0.98,100,74,14.99,323.3664734069068,352.0202045333948,250.57280262316408,279.70483354616783,352.8057550150209
1-6-14,0.98,100,75,14.6,680.7899635393152,757.9668955841424,250.57280262316408,279.70483354616783,352.8057550150209
1-6-14,0.98,100,76,14.780000000000001,290.35406473657474,403.0118771451879,250.57280262316408,279.70483354616783,352.8057550150209
1-6-14,0.98,100,77,14.58,388.1101313008857,744.0822442381965,250.57280262316408,279.70483354616783,352.8057550150209
1-6-14,0.98,100,78,14.99,267.4810315598636,314.695985798459,250.57280262316408,279.70483354616783,352.8057550150209
1-6-14,0.98,100,79,14.46,831.2295612967365,1169.511601419859,250.57280262316408,279.70483354616783,352.8057550150209
1-6-14,0.98,100,80,15.23,271.3921091704235,277.89930486191724,250.57280262316408,279.70483354616783,352.8057550150209
1-6-14,0.98,100,81,14.41,251.1358740747294,1024.7390279866702,250.57280262316408,279.70483354616783,352.8057550150209
1-6-14,0.98,100,82,14.870000000000001,231.02561217339996,286.10695646562056,250.57280262316408,279.70483354616783,352.8057550150209
1-6-14,0.98,100,83,14.700000000000001,471.78939239532474,572.5637957686049,250.57280262316408,279.70483354616783,352.8057550150209
1-6-14,0.98,100,84,14.44,579.3377814061029,1019.8835516227556,250.57280262316408,279.70483354616783,352.8057550150209
1-6-14,0.98,100,85,14.68,224.14847261195595,448.1482830154233,250.57280262316408,279.70483354616783,352.8057550150209
1-6-14,0.98,100,86,14.5,897.0552227200673,930.2739137811318,250.57280262316408,279.70483354616783,352.8057550150209
1-6-14,0.98,100,87,14.870000000000001,286.5395257876524,310.16229521791905,250.57280262316408,279.70483354616783,352.8057550150209
1-6-14,0.98,100,92,14.74,251.98364137091562,364.3053849138424,250.57280262316408,279.70483354616783,352.8057550150209
1-6-14,0.98,100,93,14.71,361.2061395029172,424.8120837286439,250.57280262316408,279.70483354616783,352.8057550150209
1-6-14,0.98,100,94,14.700000000000001,260.2699832117681,331.8635841245263,250.57280262316408,279.70483354616783,352.8057550150209
1-6-14,0.98,100,95,14.94,178.27405111254436,192.20901422928085,250.57280262316408,279.70483354616783,352.8057550150209
1-6-14,0.98,100,88,14.85,339.09300847851085,550.2495569317362,250.57280262316408,279.70483354616783,352.8057550150209
1-6-14,0.98,100,89,14.91,404.6724237462397,460.14798278816505,250.57280262316408,279.70483354616783,352.8057550150209
1-6-14,0.98,100,90,14.85,638.7820200315808,754.6943716046356,250.57280262316408,279.70483354616783,352.8057550150209
1-6-14,0.98,100,91,14.81,301.51220621005206,411.3308427229227,250.57280262316408,279.70483354616783,352.8057550150209
1-6-14,0.98,100,96,14.98,344.675666921178,500.4425019556776,250.57280262316408,279.70483354616783,352.8057550150209
1-6-14,0.98,100,97,14.450000000000001,996.701736510115,1458.3777318309212,250.57280262316408,279.70483354616783,352.8057550150209
1-6-14,0.98,100,98,14.82,446.6894012328451,554.6900634624019,250.57280262316408,279.70483354616783,352.8057550150209
1-6-14,0.98,100,99,15.1,247.82540484929748,283.05318191170903,250.57280262316408,279.70483354616783,352.8057550150209
1-6-14,0.98,1000,0,15.030000000000001,268.2483998070221,347.1166696713663,250.57280262316408,279.70483354616783,352.8057550150209
1-6-14,0.98,1000,1,15.040000000000001,238.66313230817988,273.3807728926362,250.57280262316408,279.70483354616783,352.8057550150209
1-6-14,0.98,1000,2,15.01,223.75948544099205,287.3791602341539,250.57280262316408,279.70483354616783,352.8057550150209
1-6-14,0.98,1000,3,14.93,203.52267471748976,288.77241524693204,250.57280262316408,279.70483354616783,352.8057550150209
1-6-14,0.98,1000,4,15.06,254.26770640403106,304.95167985726704,250.57280262316408,279.70483354616783,352.8057550150209
1-6-14,0.98,1000,5,15.17,257.4941332383448,292.2119364773065,250.57280262316408,279.70483354616783,352.8057550150209
1-6-14,0.98,1000,6,15.1,305.64931351443033,378.31709742445594,250.57280262316408,279.70483354616783,352.8057550150209
1-6-14,0.98,1000,7,15.07,249.56753193400604,312.38366200556936,250.57280262316408,279.70483354616783,352.8057550150209
1-6-14,0.98,1000,8,14.96,287.46407758355286,439.5114246456631,250.57280262316408,279.70483354616783,352.8057550150209
1-6-14,0.98,1000,9,15.08,268.35720066624464,324.1197528625778,250.57280262316408,279.70483354616783,352.8057550150209
1-6-14,0.98,1000,10,14.99,221.02837025507856,282.1533741663374,250.57280262316408,279.70483354616783,352.8057550150209
1-6-14,0.98,1000,11,15.01,198.12615160279393,265.02830689535716,250.57280262316408,279.70483354616783,352.8057550150209
1-6-14,0.98,1000,12,14.98,194.68178303431645,247.43741843767435,250.57280262316408,279.70483354616783,352.8057550150209
1-6-14,0.98,1000,13,15.040000000000001,234.62075273892464,291.3949192283147,250.57280262316408,279.70483354616783,352.8057550150209
1-6-14,0.98,1000,14,15.14,227.128738034726,252.93822102404533,250.57280262316408,279.70483354616783,352.8057550150209
1-6-14,0.98,1000,15,15.05,388.356823472418,535.6721648505134,250.57280262316408,279.70483354616783,352.8057550150209
1-6-14,0.98,1000,16,15.01,141.26315554067048,170.27338598329754,250.57280262316408,279.70483354616783,352.8057550150209
1-6-14,0.98,1000,17,14.97,208.50019028430714,267.2465371454156,250.57280262316408,279.70483354616783,352.8057550150209
1-6-14,0.98,1000,18,14.9,269.8714697937477,383.95414614930075,250.57280262316408,279.70483354616783,352.8057550150209
1-6-14,0.98,1000,19,14.91,295.325609357205,420.4344537942128,250.57280262316408,279.70483354616783,352.8057550150209
1-6-14,0.98,1000,20,15.18,283.3442075063433,329.25934010381116,250.57280262316408,279.70483354616783,352.8057550150209
1-6-14,0.98,1000,21,15.05,168.84077849949867,196.8117756658965,250.57280262316408,279.70483354616783,352.8057550150209
1-6-14,0.98,1000,22,15.02,264.0568476550025,359.76185352890184,250.57280262316408,279.70483354616783,352.8057550150209
1-6-14,0.98,1000,23,15.01,247.95702207262966,286.1288164647631,250.57280262316408,279.70483354616783,352.8057550150209
1-6-14,0.98,1000,24,14.92,307.00085788656446,454.57824498895025,250.57280262316408,279.70483354616783,352.8057550150209
1-6-14,0.98,1000,25,14.950000000000001,179.8253613215617,232.64522553002996,250.57280262316408,279.70483354616783,352.8057550150209
1-6-14,0.98,1000,26,14.96,230.83558784755513,362.4824394025647,250.57280262316408,279.70483354616783,352.8057550150209
1-6-14,0.98,1000,27,15.07,264.3102712882193,336.59358253237866,250.57280262316408,279.70483354616783,352.8057550150209
1-6-14,0.98,1000,28,15.200000000000001,215.25584065407725,237.71914245189845,250.57280262316408,279.70483354616783,352.8057550150209
1-6-14,0.98,1000,29,15.040000000000001,343.70301066497643,421.0745701215311,250.57280262316408,279.70483354616783,352.8057550150209
1-6-14,0.98,1000,30,14.98,345.05254426200696,565.5251941595575,250.57280262316408,279.70483354616783,352.8057550150209
1-6-14,0.98,1000,31,15.040000000000001,350.14493406330797,446.1240651907856,250.57280262316408,279.70483354616783,352.8057550150209
1-6-14,0.98,1000,32,14.83,208.956897435084,297.8679033358184,250.57280262316408,279.70483354616783,352.8057550150209
1-6-14,0.98,1000,33,14.94,299.9733674652109,432.5736453668206,250.57280262316408,279.70483354616783,352.8057550150209
1-6-14,0.98,1000,34,15.01,313.8047946025407,431.3984226605184,250.57280262316408,279.70483354616783,352.8057550150209
1-6-14,0.98,1000,35,14.98,226.6226049719861,309.8891010551688,250.57280262316408,279.70483354616783,352.8057550150209
1-6-14,0.98,1000,36,14.99,208.88095127892814,260.5985904564018,250.57280262316408,279.70483354616783,352.8057550150209
1-6-14,0.98,1000,37,15.030000000000001,249.71744742376447,317.84721585973574,250.57280262316408,279.70483354616783,352.8057550150209
1-6-14,0.98,1000,38,15.21,229.56284660648075,249.8363352410124,250.57280262316408,279.70483354616783,352.8057550150209
1-6-14,0.98,1000,39,15.01,269.39923492189314,328.1763809126816,250.57280262316408,279.70483354616783,352.8057550150209
1-6-14,0.98,1000,40,15.040000000000001,248.5148958123694,302.85102298939546,250.57280262316408,279.70483354616783,352.8057550150209
1-6-14,0.98,1000,41,15.02,230.0350479918134,290.655434465965,250.57280262316408,279.70483354616783,352.8057550150209
1-6-14,0.98,1000,42,14.92,285.33915326060816,343.0487730096071,250.57280262316408,279.70483354616783,352.8057550150209
1-6-14,0.98,1000,43,14.94,306.2366627994012,434.00734680638726,250.57280262316408,279.70483354616783,352.8057550150209
1-6-14,0.98,1000,44,14.91,187.3066712492917,242.02541870639928,250.57280262316408,279.70483354616783,352.8057550150209
1-6-14,0.98,1000,45,15.02,235.76463593317834,310.4632769576567,250.57280262316408,279.70483354616783,352.8057550150209
1-6-14,0.98,1000,46,14.91,191.20791791223897,276.2583839199343,250.57280262316408,279.70483354616783,352.8057550150209
1-6-14,0.98,1000,47,15.030000000000001,244.1028889112295,306.6543166113736,250.57280262316408,279.70483354616783,352.8057550150209
1-6-14,0.98,1000,48,15.09,318.2375661619211,385.4646390760347,250.57280262316408,279.70483354616783,352.8057550150209
1-6-14,0.98,1000,49,15.01,162.61004513217281,182.6519012618587,250.57280262316408,279.70483354616783,352.8057550150209
1-6-14,0.98,1000,50,14.93,249.37290336375153,313.5614877480051,250.57280262316408,279.70483354616783,352.8057550150209
1-6-14,0.98,1000,51,14.98,363.6586366431562,599.753164767471,250.57280262316408,279.70483354616783,352.8057550150209
1-6-14,0.98,1000,52,15.040000000000001,224.53632171681122,286.36598509388386,250.57280262316408,279.70483354616783,352.8057550150209
1-6-14,0.98,1000,53,15.09,281.3397873892536,349.1788888332025,250.57280262316408,279.70483354616783,352.8057550150209
1-6-14,0.98,1000,54,14.96,286.58987515642696,432.72151814552177,250.57280262316408,279.70483354616783,352.8057550150209
1-6-14,0.98,1000,55,14.950000000000001,185.4125386619049,254.13449788670096,250.57280262316408,279.70483354616783,352.8057550150209
1-6-14,0.98,1000,56,15.030000000000001,220.19258365503882,294.94515253717617,250.57280262316408,279.70483354616783,352.8057550150209
1-6-14,0.98,1000,57,14.97,309.4294497316799,459.52834636764095,250.57280262316408,279.70483354616783,352.8057550150209
1-6-14,0.98,1000,58,15.05,331.9879824151766,438.97790835002945,250.57280262316408,279.70483354616783,352.8057550150209
1-6-14,0.98,1000,59,15.06,189.57255020216778,233.14318652101528,250.57280262316408,279.70483354616783,352.8057550150209
1-6-14,0.98,1000,60,14.93,253.55505640661787,343.3982160157384,250.57280262316408,279.70483354616783,352.8057550150209
1-6-14,0.98,1000,61,14.99,226.96592026012127,282.87021800704383,250.57280262316408,279.70483354616783,352.8057550150209
1-6-14,0.98,1000,62,14.98,273.45965761840563,393.74744492338755,250.57280262316408,279.70483354616783,352.8057550150209
1-6-14,0.98,1000,63,15.11,237.7073729392996,282.3835782116539,250.57280262316408,279.70483354616783,352.8057550150209
1-6-14,0.98,1000,64,14.99,190.67206521546925,223.44130793443088,250.57280262316408,279.70483354616783,352.8057550150209
1-6-14,0.98,1000,65,14.99,320.7904662485857,466.5820070295385,250.57280262316408,279.70483354616783,352.8057550150209
1-6-14,0.98,1000,66,15.030000000000001,183.18971488094343,226.1064723003565,250.57280262316408,279.70483354616783,352.8057550150209
1-6-14,0.98,1000,67,14.92,172.95929448801192,231.33021465178814,250.57280262316408,279.70483354616783,352.8057550150209
1-6-14,0.98,1000,68,15.1,274.40929891558204,314.8464510244531,250.57280262316408,279.70483354616783,352.8057550150209
1-6-14,0.98,1000,69,15.02,221.28440309328178,296.0013650297609,250.57280262316408,279.70483354616783,352.8057550150209
1-6-14,0.98,1000,70,15.0,273.154093722716,368.9893854238958,250.57280262316408,279.70483354616783,352.8057550150209
1-6-14,0.98,1000,71,14.97,186.2119490428124,240.54251207796727,250.57280262316408,279.70483354616783,352.8057550150209
1-6-14,0.98,1000,76,15.06,200.6572329971554,239.97114475968823,250.57280262316408,279.70483354616783,352.8057550150209
1-6-14,0.98,1000,77,14.91,242.06716499758454,351.0186163156589,250.57280262316408,279.70483354616783,352.8057550150209
1-6-14,0.98,1000,78,15.0,185.13772095229064,246.23947870625062,250.57280262316408,279.70483354616783,352.8057550150209
1-6-14,0.98,1000,79,15.06,209.50896383909802,270.1038978088549,250.57280262316408,279.70483354616783,352.8057550150209
1-6-14,0.98,1000,72,14.98,240.0056845208707,332.34458406805004,250.57280262316408,279.70483354616783,352.8057550150209
1-6-14,0.98,1000,73,14.950000000000001,275.67727392015917,391.2366933908191,250.57280262316408,279.70483354616783,352.8057550150209
1-6-14,0.98,1000,74,15.06,350.898114369537,403.25692533368897,250.57280262316408,279.70483354616783,352.8057550150209
1-6-14,0.98,1000,75,14.99,511.2054545100483,804.8643803551954,250.57280262316408,279.70483354616783,352.8057550150209
1-6-14,0.98,1000,80,15.09,186.2799324346841,217.80406583244468,250.57280262316408,279.70483354616783,352.8057550150209
1-6-14,0.98,1000,81,15.040000000000001,215.84416084494916,281.68784167135715,250.57280262316408,279.70483354616783,352.8057550150209
1-6-14,0.98,1000,82,15.040000000000001,322.97278621962835,412.48195366037476,250.57280262316408,279.70483354616783,352.8057550150209
1-6-14,0.98,1000,83,15.040000000000001,221.15681203181762,278.0754010265079,250.57280262316408,279.70483354616783,352.8057550150209
1-6-14,0.98,1000,84,14.91,177.27413263887135,243.32092926432537,250.57280262316408,279.70483354616783,352.8057550150209
1-6-14,0.98,1000,85,14.99,241.41816996177673,302.21227046263346,250.57280262316408,279.70483354616783,352.8057550150209
1-6-14,0.98,1000,86,15.06,238.08376990388757,297.45769597423094,250.57280262316408,279.70483354616783,352.8057550150209
1-6-14,0.98,1000,87,14.85,236.33485928157882,339.5940131568568,250.57280262316408,279.70483354616783,352.8057550150209
1-6-14,0.98,1000,92,14.98,196.59646952267417,274.66192346994075,250.57280262316408,279.70483354616783,352.8057550150209
1-6-14,0.98,1000,93,15.19,184.8927090281042,194.3586538045465,250.57280262316408,279.70483354616783,352.8057550150209
1-6-14,0.98,1000,94,15.02,159.948791242182,187.88649163972755,250.57280262316408,279.70483354616783,352.8057550150209
1-6-14,0.98,1000,95,14.97,195.4631497356527,261.5397944428693,250.57280262316408,279.70483354616783,352.8057550150209
1-6-14,0.98,1000,88,15.06,435.8427084318535,621.8223192820773,250.57280262316408,279.70483354616783,352.8057550150209
1-6-14,0.98,1000,89,14.96,214.0425205017459,294.839186929789,250.57280262316408,279.70483354616783,352.8057550150209
1-6-14,0.98,1000,90,15.14,227.65791062646073,252.5664575357394,250.57280262316408,279.70483354616783,352.8057550150209
1-6-14,0.98,1000,91,15.02,288.03221562135366,408.4282392067902,250.57280262316408,279.70483354616783,352.8057550150209
1-6-14,0.98,1000,96,14.98,349.4187344194439,467.3020887435195,250.57280262316408,279.70483354616783,352.8057550150209
1-6-14,0.98,1000,97,15.0,227.91293438474403,275.36296887944934,250.57280262316408,279.70483354616783,352.8057550150209
1-6-14,0.98,1000,98,15.08,256.24830958372274,307.92914465454027,250.57280262316408,279.70483354616783,352.8057550150209
1-6-14,0.98,1000,99,15.030000000000001,264.85779365267706,342.438558695637,250.57280262316408,279.70483354616783,352.8057550150209
bounded-Pareto,0.8,10,4,13.52,35.81912343505864,32.49921698542355,25.377023477841497,130.47949197228297,40.16655460939188
bounded-Pareto,0.8,10,5,11.47,28.693875002610202,29.988374992169394,25.377023477841497,130.47949197228297,40.16655460939188
bounded-Pareto,0.8,10,6,10.21,28.227748888561134,28.533753186827077,25.377023477841497,130.47949197228297,40.16655460939188
bounded-Pareto,0.8,10,7,2.9,37.25983032455362,37.580973068955316,25.377023477841497,130.47949197228297,40.16655460939188
bounded-Pareto,0.8,10,0,3.42,38.6997080455898,42.00973574382872,25.377023477841497,130.47949197228297,40.16655460939188
bounded-Pareto,0.8,10,1,10.540000000000001,27.316399727585928,29.851559971156153,25.377023477841497,130.47949197228297,40.16655460939188
bounded-Pareto,0.8,10,2,13.84,34.00414603826613,34.87687637372536,25.377023477841497,130.47949197228297,40.16655460939188
bounded-Pareto,0.8,10,3,9.22,29.801684780452977,29.996521161397805,25.377023477841497,130.47949197228297,40.16655460939188
bounded-Pareto,0.8,10,8,18.89,28.049356977608863,28.858932496075354,25.377023477841497,130.47949197228297,40.16655460939188
bounded-Pareto,0.8,10,9,5.55,32.483604138170186,36.626541121621365,25.377023477841497,130.47949197228297,40.16655460939188
bounded-Pareto,0.8,10,10,7.51,30.008719133603403,30.76773018748855,25.377023477841497,130.47949197228297,40.16655460939188
bounded-Pareto,0.8,10,11,7.09,29.49764033070181,32.84091108762769,25.377023477841497,130.47949197228297,40.16655460939188
bounded-Pareto,0.8,10,12,5.88,28.897487284925873,32.88644497348772,25.377023477841497,130.47949197228297,40.16655460939188
bounded-Pareto,0.8,10,13,23.27,29.61039263733759,31.461298913456428,25.377023477841497,130.47949197228297,40.16655460939188
bounded-Pareto,0.8,10,14,7.42,29.893547129836907,34.17690997761433,25.377023477841497,130.47949197228297,40.16655460939188
bounded-Pareto,0.8,10,15,7.51,29.46124613639031,34.33907508118471,25.377023477841497,130.47949197228297,40.16655460939188
bounded-Pareto,0.8,10,16,9.950000000000001,27.547849479843954,31.726816685630688,25.377023477841497,130.47949197228297,40.16655460939188
bounded-Pareto,0.8,10,17,26.740000000000002,29.756192303242972,29.38062295145182,25.377023477841497,130.47949197228297,40.16655460939188
bounded-Pareto,0.8,10,18,4.45,31.062884970680376,32.81636175596434,25.377023477841497,130.47949197228297,40.16655460939188
bounded-Pareto,0.8,10,19,8.48,29.82857886977887,34.4649428992629,25.377023477841497,130.47949197228297,40.16655460939188
bounded-Pareto,0.8,10,20,11.8,30.588692887828163,31.178595322195708,25.377023477841497,130.47949197228297,40.16655460939188
bounded-Pareto,0.8,10,21,16.39,32.64066395431016,32.53555211735718,25.377023477841497,130.47949197228297,40.16655460939188
bounded-Pareto,0.8,10,22,9.22,28.323898532255228,28.4265323431183,25.377023477841497,130.47949197228297,40.16655460939188
bounded-Pareto,0.8,10,23,8.16,30.731922980379032,33.167445508931934,25.377023477841497,130.47949197228297,40.16655460939188
bounded-Pareto,0.8,10,24,29.96,29.274108940692916,29.51765117389409,25.377023477841497,130.47949197228297,40.16655460939188
bounded-Pareto,0.8,10,25,9.26,27.73729984833972,30.491212284482756,25.377023477841497,130.47949197228297,40.16655460939188
bounded-Pareto,0.8,10,26,14.05,27.449260046286557,27.796164527666736,25.377023477841497,130.47949197228297,40.16655460939188
bounded-Pareto,0.8,10,27,9.86,28.678574704850035,29.55270560784939,25.377023477841497,130.47949197228297,40.16655460939188
bounded-Pareto,0.8,10,28,7.7,30.131589899834715,34.978002668419066,25.377023477841497,130.47949197228297,40.16655460939188
bounded-Pareto,0.8,10,29,6.66,33.91130886191985,34.58108068790977,25.377023477841497,130.47949197228297,40.16655460939188
bounded-Pareto,0.8,10,30,7.0600000000000005,29.999814174035627,30.410635652953996,25.377023477841497,130.47949197228297,40.16655460939188
bounded-Pareto,0.8,10,31,9.24,26.839536588767356,30.526629609706536,25.377023477841497,130.47949197228297,40.16655460939188
bounded-Pareto,0.8,10,32,16.12,27.678396414971285,29.55664282257895,25.377023477841497,130.47949197228297,40.16655460939188
bounded-Pareto,0.8,10,33,9.69,28.50144351039636,29.448065302144247,25.377023477841497,130.47949197228297,40.16655460939188
bounded-Pareto,0.8,10,34,7.43,28.996310910685203,33.73102655643242,25.377023477841497,130.47949197228297,40.16655460939188
bounded-Pareto,0.8,10,35,8.15,32.82980947113459,33.60826197242195,25.377023477841497,130.47949197228297,40.16655460939188
bounded-Pareto,0.8,10,36,10.14,26.132745633887016,27.76670844186344,25.377023477841497,130.47949197228297,40.16655460939188
bounded-Pareto,0.8,10,37,8.540000000000001,55.16427967587362,37.346006466944566,25.377023477841497,130.47949197228297,40.16655460939188
bounded-Pareto,0.8,10,38,5.99,29.09070633065546,34.21744259590266,25.377023477841497,130.47949197228297,40.16655460939188
bounded-Pareto,0.8,10,39,3.71,35.58588243251077,36.29790430732961,25.377023477841497,130.47949197228297,40.16655460939188
bounded-Pareto,0.8,10,40,7.66,27.520524851668128,31.725887559575916,25.377023477841497,130.47949197228297,40.16655460939188
bounded-Pareto,0.8,10,41,8.52,30.717934219282505,30.828748916090262,25.377023477841497,130.47949197228297,40.16655460939188
bounded-Pareto,0.8,10,42,6.54,36.69402584335117,36.974542357323166,25.377023477841497,130.47949197228297,40.16655460939188
bounded-Pareto,0.8,10,43,6.8,29.384497276062707,34.93362987807138,25.377023477841497,130.47949197228297,40.16655460939188
bounded-Pareto,0.8,10,44,6.8500000000000005,28.310678313825424,28.849951410184428,25.377023477841497,130.47949197228297,40.16655460939188
bounded-Pareto,0.8,10,45,3.2,36.59008999693628,40.91533088235295,25.377023477841497,130.47949197228297,40.16655460939188
bounded-Pareto,0.8,10,46,8.06,27.017014031844724,29.650387766247952,25.377023477841497,130.47949197228297,40.16655460939188
bounded-Pareto,0.8,10,47,4.93,28.86561998037213,34.34775020529152,25.377023477841497,130.47949197228297,40.16655460939188
bounded-Pareto,0.8,10,48,29.2,25.18679696175543,25.856878026029406,25.377023477841497,130.47949197228297,40.16655460939188
bounded-Pareto,0.8,10,49,6.08,30.9660493429162,36.59912787059337,25.377023477841497,130.47949197228297,40.16655460939188
bounded-Pareto,0.8,10,50,9.0,47.99325284527838,31.863463165179944,25.377023477841497,130.47949197228297,40.16655460939188
bounded-Pareto,0.8,10,51,11.43,30.234334138549052,33.733596976544845,25.377023477841497,130.47949197228297,40.16655460939188
bounded-Pareto,0.8,10,52,15.35,28.934631930688113,28.922877523660883,25.377023477841497,130.47949197228297,40.16655460939188
bounded-Pareto,0.8,10,53,8.99,35.40006925011512,36.274408274591764,25.377023477841497,130.47949197228297,40.16655460939188
bounded-Pareto,0.8,10,54,5.39,30.87140144528114,31.42921160565092,25.377023477841497,130.47949197228297,40.16655460939188
bounded-Pareto,0.8,10,55,5.62,30.894366888450794,31.719336290455068,25.377023477841497,130.47949197228297,40.16655460939188
bounded-Pareto,0.8,10,56,53.14,29.446637507793017,28.56344198098504,25.377023477841497,130.47949197228297,40.16655460939188
bounded-Pareto,0.8,10,57,13.11,27.928639064126905,28.819122721055102,25.377023477841497,130.47949197228297,40.16655460939188
bounded-Pareto,0.8,10,58,6.5200000000000005,28.55314903044919,32.42079622767288,25.377023477841497,130.47949197228297,40.16655460939188
bounded-Pareto,0.8,10,59,5.04,31.938531014013602,37.860534057181496,25.377023477841497,130.47949197228297,40.16655460939188
bounded-Pareto,0.8,10,60,14.43,28.015524031459364,29.2301567142441,25.377023477841497,130.47949197228297,40.16655460939188
bounded-Pareto,0.8,10,61,4.36,34.38549533070184,35.831074805044764,25.377023477841497,130.47949197228297,40.16655460939188
bounded-Pareto,0.8,10,62,6.5200000000000005,27.997077229382793,31.016764329875304,25.377023477841497,130.47949197228297,40.16655460939188
bounded-Pareto,0.8,10,63,44.69,28.80676796714579,28.16611498973306,25.377023477841497,130.47949197228297,40.16655460939188
bounded-Pareto,0.8,10,64,37.59,26.700244776985578,26.607197604045766,25.377023477841497,130.47949197228297,40.16655460939188
bounded-Pareto,0.8,10,65,9.51,27.4402936309246,28.37300844401069,25.377023477841497,130.47949197228297,40.16655460939188
bounded-Pareto,0.8,10,66,9.9,29.589106414747604,32.256358276383544,25.377023477841497,130.47949197228297,40.16655460939188
bounded-Pareto,0.8,10,67,27.72,28.454133592657875,28.551369962924692,25.377023477841497,130.47949197228297,40.16655460939188
bounded-Pareto,0.8,10,68,4.05,29.365810700107126,32.05800008402126,25.377023477841497,130.47949197228297,40.16655460939188
bounded-Pareto,0.8,10,69,9.3,26.726580538644104,28.95902672582809,25.377023477841497,130.47949197228297,40.16655460939188
bounded-Pareto,0.8,10,70,13.05,31.36866498940153,31.65145248519186,25.377023477841497,130.47949197228297,40.16655460939188
bounded-Pareto,0.8,10,71,6.8500000000000005,32.18503106062045,33.51122551720207,25.377023477841497,130.47949197228297,40.16655460939188
bounded-Pareto,0.8,10,76,24.01,26.82258634271736,28.349677432729383,25.377023477841497,130.47949197228297,40.16655460939188
bounded-Pareto,0.8,10,77,8.57,28.441781971106703,31.27862353735864,25.377023477841497,130.47949197228297,40.16655460939188
bounded-Pareto,0.8,10,78,16.44,29.377679699469034,30.604597368255366,25.377023477841497,130.47949197228297,40.16655460939188
bounded-Pareto,0.8,10,79,58.18,32.0204182972606,30.338743311237124,25.377023477841497,130.47949197228297,40.16655460939188
bounded-Pareto,0.8,10,72,5.08,31.86246510545906,35.06580935949131,25.377023477841497,130.47949197228297,40.16655460939188
bounded-Pareto,0.8,10,73,7.54,28.62359486721144,31.305692671092956,25.377023477841497,130.47949197228297,40.16655460939188
bounded-Pareto,0.8,10,74,14.5,27.104234209234317,27.365867184664975,25.377023477841497,130.47949197228297,40.16655460939188
bounded-Pareto,0.8,10,75,7.19,33.114046480617205,33.114046480617205,25.377023477841497,130.47949197228297,40.16655460939188
bounded-Pareto,0.8,10,80,8.65,30.70146531148063,31.237522078128734,25.377023477841497,130.47949197228297,40.16655460939188
bounded-Pareto,0.8,10,81,6.54,34.03028366140259,36.763803981737894,25.377023477841497,130.47949197228297,40.16655460939188
bounded-Pareto,0.8,10,82,23.91,27.29814671503426,27.377849657396208,25.377023477841497,130.47949197228297,40.16655460939188
bounded-Pareto,0.8,10,83,14.4,31.605177379086108,31.270448431361164,25.377023477841497,130.47949197228297,40.16655460939188
bounded-Pareto,0.8,10,84,7.94,28.539591196258613,30.57318940761405,25.377023477841497,130.47949197228297,40.16655460939188
bounded-Pareto,0.8,10,85,7.66,33.9467708040681,38.21512408458355,25.377023477841497,130.47949197228297,40.16655460939188
bounded-Pareto,0.8,10,86,9.74,28.734769872773533,31.501392773536896,25.377023477841497,130.47949197228297,40.16655460939188
bounded-Pareto,0.8,10,87,8.0,30.89077553460211,34.093287827076225,25.377023477841497,130.47949197228297,40.16655460939188
bounded-Pareto,0.8,10,88,27.25,26.25785625975395,26.25749934129188,25.377023477841497,130.47949197228297,40.16655460939188
bounded-Pareto,0.8,10,89,5.36,29.912983282644568,33.00282366271095,25.377023477841497,130.47949197228297,40.16655460939188
bounded-Pareto,0.8,10,90,111.49000000000001,34.677324259912155,31.623820291111066,25.377023477841497,130.47949197228297,40.16655460939188
bounded-Pareto,0.8,10,91,16.72,28.31091145022319,29.009880826326174,25.377023477841497,130.47949197228297,40.16655460939188
bounded-Pareto,0.8,10,92,10.31,33.26160023235318,34.272816681355664,25.377023477841497,130.47949197228297,40.16655460939188
bounded-Pareto,0.8,10,93,7.07,45.55246488662062,32.80461152258252,25.377023477841497,130.47949197228297,40.16655460939188
bounded-Pareto,0.8,10,94,14.81,30.263628879156407,32.885247081821774,25.377023477841497,130.47949197228297,40.16655460939188
bounded-Pareto,0.8,10,95,27.68,28.543645321150642,29.471705640946226,25.377023477841497,130.47949197228297,40.16655460939188
bounded-Pareto,0.8,10,96,3.8200000000000003,39.348271318124695,40.0354151273946,25.377023477841497,130.47949197228297,40.16655460939188
bounded-Pareto,0.8,10,97,30.42,28.286768614859373,28.786268086490004,25.377023477841497,130.47949197228297,40.16655460939188
bounded-Pareto,0.8,10,98,8.78,54.48190348159838,32.92250823153506,25.377023477841497,130.47949197228297,40.16655460939188
bounded-Pareto,0.8,10,99,6.86,32.46515746971736,33.89284708561963,25.377023477841497,130.47949197228297,40.16655460939188
bounded-Pareto,0.8,100,0,13.68,24.817852087756545,27.872045710003746,25.377023477841497,130.47949197228297,40.16655460939188
bounded-Pareto,0.8,100,1,14.35,30.66759834091517,34.89413567032379,25.377023477841497,130.47949197228297,40.16655460939188
bounded-Pareto,0.8,100,2,11.07,28.93742780570906,30.568908879378398,25.377023477841497,130.47949197228297,40.16655460939188
bounded-Pareto,0.8,100,3,10.31,26.769913657101437,29.499946275529783,25.377023477841497,130.47949197228297,40.16655460939188
bounded-Pareto,0.8,100,4,16.87,29.077386005505243,31.492308014521086,25.377023477841497,130.47949197228297,40.16655460939188
bounded-Pareto,0.8,100,5,21.94,27.196105317931103,32.19139952128213,25.377023477841497,130.47949197228297,40.16655460939188
bounded-Pareto,0.8,100,6,19.39,28.02792172868232,29.477064444147768,25.377023477841497,130.47949197228297,40.16655460939188
bounded-Pareto,0.8,100,7,14.23,25.90088589282485,29.53437240049027,25.377023477841497,130.47949197228297,40.16655460939188
bounded-Pareto,0.8,100,8,30.61,26.760985748218527,28.311725914891902,25.377023477841497,130.47949197228297,40.16655460939188
bounded-Pareto,0.8,100,9,23.0,25.36027611357124,27.62743763399924,25.377023477841497,130.47949197228297,40.16655460939188
bounded-Pareto,0.8,100,10,12.49,26.33812372142667,30.008251578760113,25.377023477841497,130.47949197228297,40.16655460939188
bounded-Pareto,0.8,100,11,17.75,26.7522769529624,29.143050605562053,25.377023477841497,130.47949197228297,40.16655460939188
bounded-Pareto,0.8,100,12,9.92,29.13683192237814,31.872572190652907,25.377023477841497,130.47949197228297,40.16655460939188
bounded-Pareto,0.8,100,13,17.17,30.174424395727936,33.56726213228406,25.377023477841497,130.47949197228297,40.16655460939188
bounded-Pareto,0.8,100,14,18.82,26.332339850291547,28.305449024473905,25.377023477841497,130.47949197228297,40.16655460939188
bounded-Pareto,0.8,100,15,18.240000000000002,24.181205018295874,27.09957219027705,25.377023477841497,130.47949197228297,40.16655460939188
bounded-Pareto,0.8,100,16,16.23,25.20625863526695,28.579009547769783,25.377023477841497,130.47949197228297,40.16655460939188
bounded-Pareto,0.8,100,17,19.32,28.703409905850318,30.858847001975032,25.377023477841497,130.47949197228297,40.16655460939188
bounded-Pareto,0.8,100,18,21.78,27.411015865885286,29.28804177812264,25.377023477841497,130.47949197228297,40.16655460939188
bounded-Pareto,0.8,100,19,12.57,26.690748333167477,31.302088964076027,25.377023477841497,130.47949197228297,40.16655460939188
bounded-Pareto,0.8,100,20,18.5,25.889355948773094,29.516281356926385,25.377023477841497,130.47949197228297,40.16655460939188
bounded-Pareto,0.8,100,21,16.45,26.53796392496393,27.617959595959597,25.377023477841497,130.47949197228297,40.16655460939188
bounded-Pareto,0.8,100,22,23.71,28.321499940478553,29.10792151105115,25.377023477841497,130.47949197228297,40.16655460939188
bounded-Pareto,0.8,100,23,20.63,28.172818988224357,31.20903315773164,25.377023477841497,130.47949197228297,40.16655460939188
bounded-Pareto,0.8,100,24,12.21,25.339011070703823,30.689137851359227,25.377023477841497,130.47949197228297,40.16655460939188
bounded-Pareto,0.8,100,25,24.11,27.164640719734013,29.615056327009587,25.377023477841497,130.47949197228297,40.16655460939188
bounded-Pareto,0.8,100,26,21.81,27.491932270916333,29.943645023864935,25.377023477841497,130.47949197228297,40.16655460939188
bounded-Pareto,0.8,100,27,16.85,28.761070214422734,30.45276204584734,25.377023477841497,130.47949197228297,40.16655460939188
bounded-Pareto,0.8,100,28,21.21,27.574302118039025,28.631835832143423,25.377023477841497,130.47949197228297,40.16655460939188
bounded-Pareto,0.8,100,29,14.3,27.030902362598287,30.579911763009672,25.377023477841497,130.47949197228297,40.16655460939188
bounded-Pareto,0.8,100,30,17.400000000000002,23.36387395635777,24.971223159592792,25.377023477841497,130.47949197228297,40.16655460939188
bounded-Pareto,0.8,100,31,12.23,25.65407563195968,29.265409656181415,25.377023477841497,130.47949197228297,40.16655460939188
bounded-Pareto,0.8,100,36,13.22,27.135180407666567,28.793810972518003,25.377023477841497,130.47949197228297,40.16655460939188
bounded-Pareto,0.8,100,37,13.77,26.68960099543758,29.389108046453753,25.377023477841497,130.47949197228297,40.16655460939188
bounded-Pareto,0.8,100,38,14.74,27.378108621567627,30.23071428571429,25.377023477841497,130.47949197228297,40.16655460939188
bounded-Pareto,0.8,100,39,12.35,25.176411558632697,28.810231131195454,25.377023477841497,130.47949197228297,40.16655460939188
bounded-Pareto,0.8,100,32,18.03,25.12626890210486,27.507362331783952,25.377023477841497,130.47949197228297,40.16655460939188
bounded-Pareto,0.8,100,33,15.040000000000001,25.690541672901393,29.48146063572818,25.377023477841497,130.47949197228297,40.16655460939188
bounded-Pareto,0.8,100,34,18.89,26.990245584882327,29.40870850562275,25.377023477841497,130.47949197228297,40.16655460939188
bounded-Pareto,0.8,100,35,14.61,27.310387875864883,31.053507392086665,25.377023477841497,130.47949197228297,40.16655460939188
bounded-Pareto,0.8,100,40,12.68,26.235047819743883,29.341844302155945,25.377023477841497,130.47949197228297,40.16655460939188
bounded-Pareto,0.8,100,41,15.05,26.704803360705917,27.830111460598257,25.377023477841497,130.47949197228297,40.16655460939188
bounded-Pareto,0.8,100,42,12.870000000000001,24.21714955706097,27.548404116727465,25.377023477841497,130.47949197228297,40.16655460939188
bounded-Pareto,0.8,100,43,26.36,26.274395283749183,27.278571230076025,25.377023477841497,130.47949197228297,40.16655460939188
bounded-Pareto,0.8,100,44,15.32,27.40286645830922,30.229839873442142,25.377023477841497,130.47949197228297,40.16655460939188
bounded-Pareto,0.8,100,45,15.6,27.86781586582409,30.483008425738248,25.377023477841497,130.47949197228297,40.16655460939188
bounded-Pareto,0.8,100,46,14.950000000000001,29.864758427175083,32.963588657226744,25.377023477841497,130.47949197228297,40.16655460939188
bounded-Pareto,0.8,100,47,12.99,28.77842020637861,30.376027517147335,25.377023477841497,130.47949197228297,40.16655460939188
bounded-Pareto,0.8,100,48,21.27,25.177522325299115,27.292447979885555,25.377023477841497,130.47949197228297,40.16655460939188
bounded-Pareto,0.8,100,49,27.25,25.59490956955106,27.016490494755036,25.377023477841497,130.47949197228297,40.16655460939188
bounded-Pareto,0.8,100,50,17.87,26.806977112711373,28.85751569614667,25.377023477841497,130.47949197228297,40.16655460939188
bounded-Pareto,0.8,100,51,9.290000000000001,28.15108460890187,32.27494561276287,25.377023477841497,130.47949197228297,40.16655460939188
bounded-Pareto,0.8,100,52,22.59,25.15064137831186,26.903077623115266,25.377023477841497,130.47949197228297,40.16655460939188
bounded-Pareto,0.8,100,53,13.38,26.2554928246619,31.07919880312605,25.377023477841497,130.47949197228297,40.16655460939188
bounded-Pareto,0.8,100,54,25.45,24.688375576291005,25.783129287715354,25.377023477841497,130.47949197228297,40.16655460939188
bounded-Pareto,0.8,100,55,19.57,27.41962439034262,29.868473073887436,25.377023477841497,130.47949197228297,40.16655460939188
bounded-Pareto,0.8,100,56,17.580000000000002,26.477661174857328,28.456185242694954,25.377023477841497,130.47949197228297,40.16655460939188
bounded-Pareto,0.8,100,57,18.27,25.97829419833777,28.945664286290647,25.377023477841497,130.47949197228297,40.16655460939188
bounded-Pareto,0.8,100,58,35.37,29.026960596822754,28.364600003786947,25.377023477841497,130.47949197228297,40.16655460939188
bounded-Pareto,0.8,100,59,26.400000000000002,25.606445993739587,27.38148766210009,25.377023477841497,130.47949197228297,40.16655460939188
bounded-Pareto,0.8,100,60,23.12,25.559488082456514,27.194458020184673,25.377023477841497,130.47949197228297,40.16655460939188
bounded-Pareto,0.8,100,61,18.63,26.54048207329014,30.21045707381096,25.377023477841497,130.47949197228297,40.16655460939188
bounded-Pareto,0.8,100,62,19.62,25.335190658989124,26.850912774578802,25.377023477841497,130.47949197228297,40.16655460939188
bounded-Pareto,0.8,100,63,20.13,26.625145613792284,28.73543367800866,25.377023477841497,130.47949197228297,40.16655460939188
bounded-Pareto,0.8,100,68,21.27,27.853208515920336,30.149238870813036,25.377023477841497,130.47949197228297,40.16655460939188
bounded-Pareto,0.8,100,69,37.19,25.249275757768046,26.12844427522897,25.377023477841497,130.47949197228297,40.16655460939188
bounded-Pareto,0.8,100,70,12.97,25.85018433458238,28.990674080341677,25.377023477841497,130.47949197228297,40.16655460939188
bounded-Pareto,0.8,100,71,23.94,28.563193672099718,32.0638070949185,25.377023477841497,130.47949197228297,40.16655460939188
bounded-Pareto,0.8,100,64,12.38,25.884464651532255,29.669453154396088,25.377023477841497,130.47949197228297,40.16655460939188
bounded-Pareto,0.8,100,65,19.23,29.74628221003597,32.92209898382373,25.377023477841497,130.47949197228297,40.16655460939188
bounded-Pareto,0.8,100,66,16.96,27.08541909075798,28.429809050864364,25.377023477841497,130.47949197228297,40.16655460939188
bounded-Pareto,0.8,100,67,16.830000000000002,27.710005354010892,30.44287436536509,25.377023477841497,130.47949197228297,40.16655460939188
bounded-Pareto,0.8,100,72,13.44,25.33452789474787,28.890832128715985,25.377023477841497,130.47949197228297,40.16655460939188
bounded-Pareto,0.8,100,73,15.65,27.617141040994934,32.279160755412256,25.377023477841497,130.47949197228297,40.16655460939188
bounded-Pareto,0.8,100,74,20.89,25.11430582504232,26.425120133757176,25.377023477841497,130.47949197228297,40.16655460939188
bounded-Pareto,0.8,100,75,14.780000000000001,26.21530541697765,29.75724790823742,25.377023477841497,130.47949197228297,40.16655460939188
bounded-Pareto,0.8,100,76,17.95,27.934607388265693,29.180009788375326,25.377023477841497,130.47949197228297,40.16655460939188
bounded-Pareto,0.8,100,77,13.77,25.45716118502603,28.925486736633342,25.377023477841497,130.47949197228297,40.16655460939188
bounded-Pareto,0.8,100,78,12.81,25.586166696931176,29.24083973932167,25.377023477841497,130.47949197228297,40.16655460939188
bounded-Pareto,0.8,100,79,19.66,25.856593307143296,28.29348629136757,25.377023477841497,130.47949197228297,40.16655460939188
bounded-Pareto,0.8,100,80,19.79,26.081091898622322,28.03425272121139,25.377023477841497,130.47949197228297,40.16655460939188
bounded-Pareto,0.8,100,81,15.44,26.775554097433936,28.152745351396092,25.377023477841497,130.47949197228297,40.16655460939188
bounded-Pareto,0.8,100,82,15.71,24.83090693513269,27.037964300342768,25.377023477841497,130.47949197228297,40.16655460939188
bounded-Pareto,0.8,100,83,27.39,30.791469898508378,31.813236775334463,25.377023477841497,130.47949197228297,40.16655460939188
bounded-Pareto,0.8,100,84,17.21,25.69852825547429,29.06558059344183,25.377023477841497,130.47949197228297,40.16655460939188
bounded-Pareto,0.8,100,85,14.620000000000001,29.643164509046866,32.62307839351957,25.377023477841497,130.47949197228297,40.16655460939188
bounded-Pareto,0.8,100,86,24.17,27.613996908926417,29.528538148371535,25.377023477841497,130.47949197228297,40.16655460939188
bounded-Pareto,0.8,100,87,12.05,25.3543187441522,28.206524586755382,25.377023477841497,130.47949197228297,40.16655460939188
bounded-Pareto,0.8,100,88,33.0,26.39149890368686,26.614854230956634,25.377023477841497,130.47949197228297,40.16655460939188
bounded-Pareto,0.8,100,89,15.31,28.267543557302286,31.308851852630255,25.377023477841497,130.47949197228297,40.16655460939188
bounded-Pareto,0.8,100,90,11.35,27.52622561178779,29.85525248972641,25.377023477841497,130.47949197228297,40.16655460939188
bounded-Pareto,0.8,100,91,17.82,25.611297920796254,27.922084264687278,25.377023477841497,130.47949197228297,40.16655460939188
bounded-Pareto,0.8,100,92,16.56,27.2840440953741,27.805385780431866,25.377023477841497,130.47949197228297,40.16655460939188
bounded-Pareto,0.8,100,93,10.870000000000001,26.224060148871455,30.04435509044341,25.377023477841497,130.47949197228297,40.16655460939188
bounded-Pareto,0.8,100,94,34.11,27.77019343886937,29.65808278394063,25.377023477841497,130.47949197228297,40.16655460939188
bounded-Pareto,0.8,100,95,14.040000000000001,23.859019250208764,26.486007779193955,25.377023477841497,130.47949197228297,40.16655460939188
bounded-Pareto,0.8,100,96,19.41,26.662618687130564,29.05301151094058,25.377023477841497,130.47949197228297,40.16655460939188
bounded-Pareto,0.8,100,97,14.370000000000001,28.537243814786347,31.64248239473192,25.377023477841497,130.47949197228297,40.16655460939188
bounded-Pareto,0.8,100,98,27.19,28.28061197867433,30.171391273112263,25.377023477841497,130.47949197228297,40.16655460939188
bounded-Pareto,0.8,100,99,17.080000000000002,30.184165832242165,32.143887776322885,25.377023477841497,130.47949197228297,40.16655460939188
bounded-Pareto,0.8,1000,0,40.28,29.31802368378941,30.397830586227133,25.377023477841497,130.47949197228297,40.16655460939188
bounded-Pareto,0.8,1000,1,29.73,27.851830780179036,29.261971796696507,25.377023477841497,130.47949197228297,40.16655460939188
bounded-Pareto,0.8,1000,2,35.01,25.022339324970904,25.28569809043493,25.377023477841497,130.47949197228297,40.16655460939188
bounded-Pareto,0.8,1000,3,44.86,25.119242290568128,26.560355157061082,25.377023477841497,130.47949197228297,40.16655460939188
bounded-Pareto,0.8,1000,4,35.980000000000004,27.254305262535247,28.271808466589114,25.377023477841497,130.47949197228297,40.16655460939188
bounded-Pareto,0.8,1000,5,29.78,27.85555563599508,29.0038490914356,25.377023477841497,130.47949197228297,40.16655460939188
bounded-Pareto,0.8,1000,6,31.810000000000002,25.135221157201205,26.173406949775252,25.377023477841497,130.47949197228297,40.16655460939188
bounded-Pareto,0.8,1000,7,30.61,26.747762697718784,28.572168547810186,25.377023477841497,130.47949197228297,40.16655460939188
bounded-Pareto,0.8,1000,8,33.13,26.305096303909256,27.62545715808306,25.377023477841497,130.47949197228297,40.16655460939188
bounded-Pareto,0.8,1000,9,36.39,26.564136736481643,27.50968981444613,25.377023477841497,130.47949197228297,40.16655460939188
bounded-Pareto,0.8,1000,10,33.660000000000004,26.716338535881995,29.214720095087777,25.377023477841497,130.47949197228297,40.16655460939188
bounded-Pareto,0.8,1000,11,30.25,25.962544341515827,27.688599314860234,25.377023477841497,130.47949197228297,40.16655460939188
bounded-Pareto,0.8,1000,12,31.01,27.39607640846394,30.218429360694554,25.377023477841497,130.47949197228297,40.16655460939188
bounded-Pareto,0.8,1000,13,32.3,28.751406145805174,30.515312426782014,25.377023477841497,130.47949197228297,40.16655460939188
bounded-Pareto,0.8,1000,14,34.07,27.897369205746816,29.414673934089766,25.377023477841497,130.47949197228297,40.16655460939188
bounded-Pareto,0.8,1000,15,31.0,26.313644203395466,27.886243168547267,25.377023477841497,130.47949197228297,40.16655460939188
bounded-Pareto,0.8,1000,16,33.04,24.43901903799174,25.145624420857555,25.377023477841497,130.47949197228297,40.16655460939188
bounded-Pareto,0.8,1000,17,32.58,26.57903963594815,27.843693904889484,25.377023477841497,130.47949197228297,40.16655460939188
bounded-Pareto,0.8,1000,18,29.47,26.522205638805197,29.151672885448054,25.377023477841497,130.47949197228297,40.16655460939188
bounded-Pareto,0.8,1000,19,27.69,29.061757596315207,32.18894722747884,25.377023477841497,130.47949197228297,40.16655460939188
bounded-Pareto,0.8,1000,20,37.13,25.171874835828735,26.1265329218107,25.377023477841497,130.47949197228297,40.16655460939188
bounded-Pareto,0.8,1000,21,41.28,24.78016953630719,25.32006142938923,25.377023477841497,130.47949197228297,40.16655460939188
bounded-Pareto,0.8,1000,22,34.79,27.008230938908603,28.727096576196413,25.377023477841497,130.47949197228297,40.16655460939188
bounded-Pareto,0.8,1000,23,29.95,25.22197154978787,27.264559312869146,25.377023477841497,130.47949197228297,40.16655460939188
bounded-Pareto,0.8,1000,24,25.59,26.090059654882488,27.075114505344917,25.377023477841497,130.47949197228297,40.16655460939188
bounded-Pareto,0.8,1000,25,32.84,24.245234983401883,25.55888114078126,25.377023477841497,130.47949197228297,40.16655460939188
bounded-Pareto,0.8,1000,26,30.6,28.132197399851197,28.994466852018636,25.377023477841497,130.47949197228297,40.16655460939188
bounded-Pareto,0.8,1000,27,34.83,28.817542322697506,31.405315765640243,25.377023477841497,130.47949197228297,40.16655460939188
bounded-Pareto,0.8,1000,28,34.79,22.962278331471776,24.57857590858321,25.377023477841497,130.47949197228297,40.16655460939188
bounded-Pareto,0.8,1000,29,29.990000000000002,26.13277553840838,27.864236055126877,25.377023477841497,130.47949197228297,40.16655460939188
bounded-Pareto,0.8,1000,30,33.33,26.558181940571206,26.922615443792676,25.377023477841497,130.47949197228297,40.16655460939188
bounded-Pareto,0.8,1000,31,38.86,27.086588153031663,28.69991848966137,25.377023477841497,130.47949197228297,40.16655460939188
bounded-Pareto,0.8,1000,32,29.17,24.300273608167153,24.96925228187049,25.377023477841497,130.47949197228297,40.16655460939188
bounded-Pareto,0.8,1000,33,34.77,23.9912090791893,25.792401039795422,25.377023477841497,130.47949197228297,40.16655460939188
bounded-Pareto,0.8,1000,34,30.03,26.9057862771478,30.102496444359023,25.377023477841497,130.47949197228297,40.16655460939188
bounded-Pareto,0.8,1000,35,28.97,30.409419772640693,30.437282715480084,25.377023477841497,130.47949197228297,40.16655460939188
bounded-Pareto,0.8,1000,36,39.5,26.408806244950874,27.80669134086084,25.377023477841497,130.47949197228297,40.16655460939188
bounded-Pareto,0.8,1000,37,32.64,27.832432707836656,30.06904714296701,25.377023477841497,130.47949197228297,40.16655460939188
bounded-Pareto,0.8,1000,38,28.63,24.714083773030016,26.15009147132601,25.377023477841497,130.47949197228297,40.16655460939188
bounded-Pareto,0.8,1000,39,27.240000000000002,26.85290222370775,28.478419614242743,25.377023477841497,130.47949197228297,40.16655460939188
bounded-Pareto,0.8,1000,40,30.85,24.393936627175194,25.695958084430504,25.377023477841497,130.47949197228297,40.16655460939188
bounded-Pareto,0.8,1000,41,30.830000000000002,26.715960089555146,27.955479412051012,25.377023477841497,130.47949197228297,40.16655460939188
bounded-Pareto,0.8,1000,42,29.55,25.65256529237845,26.594975361366625,25.377023477841497,130.47949197228297,40.16655460939188
bounded-Pareto,0.8,1000,43,35.81,27.40230316252848,29.11571900220103,25.377023477841497,130.47949197228297,40.16655460939188
bounded-Pareto,0.8,1000,44,34.2,26.942644347701677,27.88987736832424,25.377023477841497,130.47949197228297,40.16655460939188
bounded-Pareto,0.8,1000,45,34.300000000000004,24.58954954008988,26.99974841446512,25.377023477841497,130.47949197228297,40.16655460939188
bounded-Pareto,0.8,1000,46,33.49,24.457253748339348,26.35866641361422,25.377023477841497,130.47949197228297,40.16655460939188
bounded-Pareto,0.8,1000,47,37.62,27.310259528371684,28.96893267060006,25.377023477841497,130.47949197228297,40.16655460939188
bounded-Pareto,0.8,1000,48,31.44,24.143210172645507,26.73308797684276,25.377023477841497,130.47949197228297,40.16655460939188
bounded-Pareto,0.8,1000,49,33.46,26.693321851330264,27.87550869714155,25.377023477841497,130.47949197228297,40.16655460939188
bounded-Pareto,0.8,1000,50,33.79,24.843898708435194,25.839354001254787,25.377023477841497,130.47949197228297,40.16655460939188
bounded-Pareto,0.8,1000,51,35.660000000000004,25.82600399897056,26.490678439213667,25.377023477841497,130.47949197228297,40.16655460939188
bounded-Pareto,0.8,1000,52,33.4,28.184206594642358,28.208728462990486,25.377023477841497,130.47949197228297,40.16655460939188
bounded-Pareto,0.8,1000,53,32.61,25.190493380244455,26.519746395232968,25.377023477841497,130.47949197228297,40.16655460939188
bounded-Pareto,0.8,1000,54,32.06,26.901842756183747,28.817676089517082,25.377023477841497,130.47949197228297,40.16655460939188
bounded-Pareto,0.8,1000,55,26.35,27.341482792751638,29.349894929191414,25.377023477841497,130.47949197228297,40.16655460939188
bounded-Pareto,0.8,1000,56,34.32,27.808014049820336,29.659252493035652,25.377023477841497,130.47949197228297,40.16655460939188
bounded-Pareto,0.8,1000,57,28.26,29.829233072015267,32.04056485864501,25.377023477841497,130.47949197228297,40.16655460939188
bounded-Pareto,0.8,1000,58,31.63,26.59164399049517,28.605344741683275,25.377023477841497,130.47949197228297,40.16655460939188
bounded-Pareto,0.8,1000,59,34.56,26.27602599095613,26.430536318083675,25.377023477841497,130.47949197228297,40.16655460939188
bounded-Pareto,0.8,1000,60,28.98,25.7131384767761,27.627220147328888,25.377023477841497,130.47949197228297,40.16655460939188
bounded-Pareto,0.8,1000,61,32.9,26.401432448911354,27.71199221131719,25.377023477841497,130.47949197228297,40.16655460939188
bounded-Pareto,0.8,1000,62,28.84,26.699613148887043,28.87000607619549,25.377023477841497,130.47949197228297,40.16655460939188
bounded-Pareto,0.8,1000,63,35.34,24.752642548254403,25.524801181309986,25.377023477841497,130.47949197228297,40.16655460939188
bounded-Pareto,0.8,1000,64,46.94,23.681656628402344,25.02252880317307,25.377023477841497,130.47949197228297,40.16655460939188
bounded-Pareto,0.8,1000,65,38.43,29.536708894068116,30.31420720246598,25.377023477841497,130.47949197228297,40.16655460939188
bounded-Pareto,0.8,1000,66,39.99,27.648063850647493,28.51896911638547,25.377023477841497,130.47949197228297,40.16655460939188
bounded-Pareto,0.8,1000,67,31.91,24.953404277174027,25.8684277995768,25.377023477841497,130.47949197228297,40.16655460939188
bounded-Pareto,0.8,1000,68,25.25,26.774989153187445,28.27894862036156,25.377023477841497,130.47949197228297,40.16655460939188
bounded-Pareto,0.8,1000,69,28.38,25.827999387692625,27.379845290335748,25.377023477841497,130.47949197228297,40.16655460939188
bounded-Pareto,0.8,1000,70,32.480000000000004,27.603974628488583,29.372477165639726,25.377023477841497,130.47949197228297,40.16655460939188
bounded-Pareto,0.8,1000,71,34.47,25.07630697201018,26.818487124681937,25.377023477841497,130.47949197228297,40.16655460939188
bounded-Pareto,0.8,1000,72,27.94,26.35753893193558,28.483629785779403,25.377023477841497,130.47949197228297,40.16655460939188
bounded-Pareto,0.8,1000,73,34.77,28.608896756860485,30.038283822682786,25.377023477841497,130.47949197228297,40.16655460939188
bounded-Pareto,0.8,1000,74,32.410000000000004,27.093322922054668,28.24716468388175,25.377023477841497,130.47949197228297,40.16655460939188
bounded-Pareto,0.8,1000,75,33.74,24.174734821828416,25.49140127524364,25.377023477841497,130.47949197228297,40.16655460939188
bounded-Pareto,0.8,1000,76,29.12,27.724873555804294,29.682137314791976,25.377023477841497,130.47949197228297,40.16655460939188
bounded-Pareto,0.8,1000,77,29.12,25.608614759224515,28.524130706691682,25.377023477841497,130.47949197228297,40.16655460939188
bounded-Pareto,0.8,1000,78,32.55,25.340640013298977,26.534128501371455,25.377023477841497,130.47949197228297,40.16655460939188
bounded-Pareto,0.8,1000,79,31.34,28.487594964314038,30.359310666137983,25.377023477841497,130.47949197228297,40.16655460939188
bounded-Pareto,0.8,1000,80,34.62,25.460177049586267,26.978841749035304,25.377023477841497,130.47949197228297,40.16655460939188
bounded-Pareto,0.8,1000,81,31.2,27.3040240865331,28.954654871203957,25.377023477841497,130.47949197228297,40.16655460939188
bounded-Pareto,0.8,1000,82,37.68,24.003865562120225,25.26043544080234,25.377023477841497,130.47949197228297,40.16655460939188
bounded-Pareto,0.8,1000,83,39.74,24.806930209569,26.06831217872677,25.377023477841497,130.47949197228297,40.16655460939188
bounded-Pareto,0.8,1000,84,29.41,28.22866168631279,29.960640813874917,25.377023477841497,130.47949197228297,40.16655460939188
bounded-Pareto,0.8,1000,85,36.36,27.07088535930284,28.65146291036269,25.377023477841497,130.47949197228297,40.16655460939188
bounded-Pareto,0.8,1000,86,29.93,25.002048825580907,26.4386398588176,25.377023477841497,130.47949197228297,40.16655460939188
bounded-Pareto,0.8,1000,87,32.61,26.70215050611639,27.98309180443194,25.377023477841497,130.47949197228297,40.16655460939188
bounded-Pareto,0.8,1000,88,31.75,25.541468754900425,27.033994629135957,25.377023477841497,130.47949197228297,40.16655460939188
bounded-Pareto,0.8,1000,89,29.63,24.86121634052517,25.286828273958857,25.377023477841497,130.47949197228297,40.16655460939188
bounded-Pareto,0.8,1000,90,31.51,27.943782819270965,30.31544335603219,25.377023477841497,130.47949197228297,40.16655460939188
bounded-Pareto,0.8,1000,91,30.54,26.30997284019651,28.201104365539003,25.377023477841497,130.47949197228297,40.16655460939188
bounded-Pareto,0.8,1000,92,35.89,24.84787899172965,26.44099461833723,25.377023477841497,130.47949197228297,40.16655460939188
bounded-Pareto,0.8,1000,93,26.85,27.032762509800772,28.850751894815144,25.377023477841497,130.47949197228297,40.16655460939188
bounded-Pareto,0.8,1000,94,29.88,24.267634764218865,25.597625314974803,25.377023477841497,130.47949197228297,40.16655460939188
bounded-Pareto,0.8,1000,95,40.63,25.509390504388286,26.192379401501537,25.377023477841497,130.47949197228297,40.16655460939188
bounded-Pareto,0.8,1000,96,31.35,25.39394616977226,27.399914699792962,25.377023477841497,130.47949197228297,40.16655460939188
bounded-Pareto,0.8,1000,97,38.36,24.981149561555917,25.937200498742925,25.377023477841497,130.47949197228297,40.16655460939188
bounded-Pareto,0.8,1000,98,29.63,24.90567775565908,27.442353725860407,25.377023477841497,130.47949197228297,40.16655460939188
bounded-Pareto,0.8,1000,99,35.86,25.983777948505804,26.761799145046588,25.377023477841497,130.47949197228297,40.16655460939188
