gen,best,pop_mean,sigma,seed,val,tier,arch
1,0.8313875042523182,1.4050783544486054,1.2334902635999685,0,0.8182719146637988,tail_only,linear
2,0.8115699291936949,0.948817217060136,1.5633031733360414,0,,tail_only,linear
3,0.8173486143446034,0.95337910072177,1.7682000999467833,0,,tail_only,linear
4,0.8128903111987547,0.88073559221854,1.9236092021460625,0,,tail_only,linear
5,0.8137152027028796,0.8989795273724159,2.947092569522471,0,,tail_only,linear
6,0.8230738550335575,0.8413426545654865,3.183147328406502,0,,tail_only,linear
7,0.8231932040318068,0.8481456751112435,3.603278140182837,0,,tail_only,linear
8,0.8063984895579852,0.874041267117194,3.4417211145349933,0,,tail_only,linear
9,0.8129208961935694,0.8306595571197078,3.4555884056747233,0,,tail_only,linear
10,0.8148402728718054,0.8173030529128462,4.990910073620446,0,0.815136995592453,tail_only,linear
11,0.8088242854563723,0.8112031319106926,5.200378359469319,0,,tail_only,linear
12,0.8154517007751303,0.8274795549590417,7.436801846860837,0,,tail_only,linear
13,0.8209212464836291,0.8303691350385364,7.919711146611144,0,,tail_only,linear
14,0.8202970567973338,0.8213482311532481,8.41754881754145,0,,tail_only,linear
15,0.803293087048305,0.8042897305327027,8.929697387073617,0,,tail_only,linear
16,0.8116401005105037,0.812927275717782,9.183459866483888,0,,tail_only,linear
17,0.8153291716417906,0.8161600260794766,8.1720355250184,0,,tail_only,linear
18,0.8102687803469082,0.8110641748253531,6.714158835749516,0,,tail_only,linear
19,0.8067418592908276,0.8073043236138588,7.267052906396545,0,,tail_only,linear
20,0.81354059487143,0.8141544188857504,7.323892897431917,0,0.8134259453405541,tail_only,linear
21,0.8195117125107345,0.8198959900121326,6.804896555653192,0,,tail_only,linear
22,0.8165927928942331,0.8170405149383447,8.129487048941868,0,,tail_only,linear
23,0.8207725793663707,0.8212757444403735,7.67427528080924,0,,tail_only,linear
24,0.8163633997735433,0.8166181361698541,7.704370759953598,0,,tail_only,linear
25,0.810620119333938,0.8106881014923006,6.38301631530933,0,,tail_only,linear
26,0.815804309726287,0.8158966473431981,5.8438685807813515,0,,tail_only,linear
27,0.8171633580029577,0.817206617317494,6.224508288873753,0,,tail_only,linear
28,0.8131924764597934,0.8132194249953338,9.13998802623652,0,,tail_only,linear
29,0.8301041721524294,0.8301799315757047,9.269399989828726,0,,tail_only,linear
30,0.823798634668817,0.823851815882759,12.274354676946984,0,0.8132418335377873,tail_only,linear
31,0.8124868103053717,0.8125271922057776,16.026468061234056,0,,tail_only,linear
32,0.8172720513971289,0.9524927278059848,13.240536284437196,0,,tail_only,linear
33,0.8138356858945517,0.8139511807291879,12.46581297775516,0,,tail_only,linear
34,0.8104278413156336,0.8105035606874482,13.660245823867378,0,,tail_only,linear
35,0.8200048646924437,0.8207084433939654,15.08435162271091,0,,tail_only,linear
36,0.824044375427041,0.8243658044814268,14.739943074374349,0,,tail_only,linear
37,0.8157939936318157,0.8161454001452602,14.045075924440305,0,,tail_only,linear
38,0.821455409960133,0.822167209997902,16.639152040667533,0,,tail_only,linear
39,0.8117762291359099,0.8120208763029508,16.387236723107016,0,,tail_only,linear
40,0.8203997545258319,0.8205561098742842,13.492509649323578,0,0.813407050207736,tail_only,linear
41,0.813491613799642,0.8136408011820708,15.868095042106884,0,,tail_only,linear
42,0.8163048549691942,0.8165329798093964,14.44206025596996,0,,tail_only,linear
43,0.8168047831908669,0.8169571741633066,19.485653222637016,0,,tail_only,linear
44,0.8149146098117859,0.815106707325004,25.933032778560772,0,,tail_only,linear
45,0.8081042161568064,0.8088899509095288,25.10931073928387,0,,tail_only,linear
46,0.8203912064135949,0.8210264891426591,23.105370639910916,0,,tail_only,linear
47,0.8167321676761365,0.8167986023170285,22.688101711318627,0,,tail_only,linear
48,0.8162589714659398,0.8163849061915145,21.3899941713005,0,,tail_only,linear
49,0.8246121260310787,0.824977338474878,21.737076807838893,0,,tail_only,linear
50,0.8180998618244164,0.8182882073130602,18.163557251769028,0,0.8133965798424219,tail_only,linear
51,0.8177741765601536,0.8178117368429851,15.563966298185033,0,,tail_only,linear
52,0.8183255511327816,0.81836886194693,16.13026389353201,0,,tail_only,linear
53,0.820342388512794,0.8203995243282095,18.9895972223424,0,,tail_only,linear
54,0.8144999987579222,0.8146191573481172,21.002552391367423,0,,tail_only,linear
55,0.8093609838461455,0.809389971625986,19.97280514488443,0,,tail_only,linear
56,0.828148346956036,0.8281721938195435,21.391015058545957,0,,tail_only,linear
57,0.8158388159617637,0.8158635455845039,23.60085722169713,0,,tail_only,linear
58,0.822297078789094,0.8223186156264483,25.658394043261605,0,,tail_only,linear
59,0.806362188530929,0.8063892899973808,30.990227977928356,0,,tail_only,linear
60,0.8168695173287817,0.8169107418415333,36.46032961015284,0,0.8134286570086352,tail_only,linear
61,0.81826798755182,0.8183095928970853,35.56663599423949,0,,tail_only,linear
62,0.8120662493795703,0.8121313034068307,35.552306803289774,0,,tail_only,linear
63,0.810164958587773,0.8102442903405552,39.770224320434735,0,,tail_only,linear
64,0.8178236473606828,0.8178393000513327,39.41402521131373,0,,tail_only,linear
65,0.8172156079365633,0.8172497696871852,36.15832860069624,0,,tail_only,linear
66,0.8134425427860653,0.8134511595118283,45.50747435897053,0,,tail_only,linear
67,0.8151085642417599,0.8151136657711956,39.03346671878554,0,,tail_only,linear
68,0.8147801753263701,0.8148840976464053,33.861657210330115,0,,tail_only,linear
69,0.8108753307282198,0.8109041134295749,32.25296121693635,0,,tail_only,linear
70,0.8134270556561995,0.8134328128195755,32.21282858883499,0,0.8134079543346202,tail_only,linear
71,0.8143690484875439,0.8143912719809683,30.019915897544784,0,,tail_only,linear
72,0.8094302563387863,0.8094360477684798,29.6346609393317,0,,tail_only,linear
73,0.8138376539285768,0.8138392506827722,31.56482001125112,0,,tail_only,linear
74,0.821126728636655,0.8211348904428709,51.457798508610715,0,,tail_only,linear
75,0.8212471801996932,0.821290825724852,74.40237807560159,0,,tail_only,linear
76,0.816262703287248,0.8162724872274493,91.60966191450562,0,,tail_only,linear
77,0.8148695053245447,0.946052220492423,82.43531806636314,0,,tail_only,linear
78,0.8180962612615015,0.8181080124314869,89.65128778869679,0,,tail_only,linear
79,0.8141002565868074,0.8141145354381143,72.97874484077647,0,,tail_only,linear
80,0.8178301817857145,0.8178528929041032,69.25011339156376,0,0.8133999448070455,tail_only,linear
81,0.8258112845833823,0.8258210279466951,76.12901419453428,0,,tail_only,linear
82,0.8105202489765411,0.8105459587314371,66.87881371374132,0,,tail_only,linear
83,0.8090028527582193,0.8090226795874713,78.49929306301334,0,,tail_only,linear
84,0.816064085160676,0.8160711104625789,80.50833473875521,0,,tail_only,linear
85,0.8078202646422292,0.8078362938215324,72.79866793290057,0,,tail_only,linear
86,0.8116428566848559,0.8116595000052872,68.91729206343024,0,,tail_only,linear
87,0.8160080511069945,0.8160273482175863,64.24606043592348,0,,tail_only,linear
88,0.812488231743641,0.8124991880968171,70.01237125478086,0,,tail_only,linear
89,0.8174471772267295,0.8174642875508122,71.2817863167122,0,,tail_only,linear
90,0.8130406320356885,0.8130606722909239,62.71758940200232,0,0.813388483873485,tail_only,linear
91,0.8151414525715692,0.815173019977536,57.22930770949155,0,,tail_only,linear
92,0.8302380906746982,0.8302497560724522,59.21010423050089,0,,tail_only,linear
93,0.8086323472409591,0.808655507973547,52.24098696872733,0,,tail_only,linear
94,0.8118833233849645,0.8118978349882736,44.24414994988398,0,,tail_only,linear
95,0.8156685379776798,0.8156784050083395,48.07272833855758,0,,tail_only,linear
96,0.8126967239052637,0.8127024035016398,64.5286852340704,0,,tail_only,linear
97,0.8150806667018882,0.8150821232116747,67.00700172103826,0,,tail_only,linear
98,0.8168951347465878,0.8168988364310579,54.45970025762028,0,,tail_only,linear
99,0.8199798786189169,0.8199852372657119,46.78103851121556,0,,tail_only,linear
100,0.8169921039684839,0.8169972641632507,41.74650129610764,0,0.8133884895443143,tail_only,linear
101,0.8131458475774416,0.8131472974393039,45.800765737246714,0,,tail_only,linear
102,0.8186249603475901,0.8186275702050869,47.504594521732905,0,,tail_only,linear
103,0.8280655833409576,0.8280665026389404,49.187837520900466,0,,tail_only,linear
104,0.8069952249226631,0.8069955643005435,52.84173784142125,0,,tail_only,linear
105,0.8259839441254276,0.8259857644506337,51.70064998895979,0,,tail_only,linear
106,0.8173120419243998,0.8173130311234963,58.14123054329893,0,,tail_only,linear
107,0.8135930737527508,0.8135933126531116,49.82307994849809,0,,tail_only,linear
108,0.8136190243231511,0.8136193619053078,49.35552051764118,0,,tail_only,linear
109,0.8091489238414558,0.809150450080844,56.85393779138653,0,,tail_only,linear
110,0.8162503565335211,0.8162513785714938,59.08970415804349,0,0.8133884895443143,tail_only,linear
111,0.8134439889352769,0.8134439944987961,50.086587778693165,0,,tail_only,linear
112,0.8077696035621499,0.8077696076845179,57.26015236607801,0,,tail_only,linear
113,0.8220750703239803,0.8220762452726506,55.32247103720514,0,,tail_only,linear
114,0.808881968685196,0.8088860740150163,60.97182886334792,0,,tail_only,linear
115,0.8144370130948689,0.8144379279954219,48.950525103472174,0,,tail_only,linear
116,0.8175897312020579,0.8175905745937369,44.653524727083095,0,,tail_only,linear
117,0.804065552207611,0.8040658621556349,41.77252878880764,0,,tail_only,linear
118,0.8123741731351585,0.812374350261378,42.34242111206155,0,,tail_only,linear
119,0.8166388662338789,0.8166388687746897,40.247076885091424,0,,tail_only,linear
120,0.8194154173554793,0.8194160888207944,31.674407850041973,0,0.8133885684390975,tail_only,linear
1,0.8233983016413731,1.3866538611888235,1.423935446953703,1,0.8161982437233096,tail_only,linear
2,0.8336025198796237,1.0453528425538716,1.9350250938723832,1,,tail_only,linear
3,0.8197712410892395,1.0603375796176369,2.660013721648975,1,,tail_only,linear
4,0.820953442340738,0.901252725382124,3.240649459923337,1,,tail_only,linear
5,0.8287836488126926,0.9779952164748058,4.6357058357511285,1,,tail_only,linear
6,0.8174217849991003,0.93172894597234,4.440174495197376,1,,tail_only,linear
7,0.8132128118481379,0.8495156215061376,4.361599502363567,1,,tail_only,linear
8,0.8180289259276243,0.8351010225154316,5.906153370350602,1,,tail_only,linear
9,0.8242964392922737,0.8340442974208007,6.465612143290254,1,,tail_only,linear
10,0.8096423869244667,0.8171846056629063,7.1177801673604595,1,0.8134119772126606,tail_only,linear
11,0.8226415302072141,0.826237549086193,9.777443355070394,1,,tail_only,linear
12,0.8245168011301779,0.8271960335404691,11.705656900185508,1,,tail_only,linear
13,0.8162526464888322,0.8173889860070909,11.03363391918511,1,,tail_only,linear
14,0.8111070470532429,0.8120555249776574,12.588027145803078,1,,tail_only,linear
15,0.820169090607631,0.8849937316038541,14.126025637968166,1,,tail_only,linear
16,0.814779147739989,0.815250217312889,13.424045696515387,1,,tail_only,linear
17,0.8207646906400882,0.8213835453215522,11.615576186761732,1,,tail_only,linear
18,0.8188174696829957,0.8195047169948875,9.425248376976352,1,,tail_only,linear
19,0.8199464687715248,0.8202532308333599,8.308391665513039,1,,tail_only,linear
20,0.826554509419094,0.8271876343760332,8.330612002587246,1,0.813412237680432,tail_only,linear
21,0.8101092970735342,0.810339194203428,6.7396344996125785,1,,tail_only,linear
22,0.8098963455336865,0.8099763562224859,6.0923814781314745,1,,tail_only,linear
23,0.8136618401429978,0.8137175889828526,5.32516738887148,1,,tail_only,linear
24,0.811869759570208,0.8119165454369289,4.216582673349346,1,,tail_only,linear
25,0.8145596129145348,0.8145676973300771,4.0369082018615705,1,,tail_only,linear
26,0.8143971344229383,0.8144173173777383,4.061693908002309,1,,tail_only,linear
27,0.8073175978359262,0.8073287607041963,3.885654928721439,1,,tail_only,linear
28,0.8175668412839143,0.8175739456844959,3.9408077889657194,1,,tail_only,linear
29,0.819569420873305,0.8195794965213903,3.855695793517921,1,,tail_only,linear
30,0.8147381480802756,0.8147463913628604,4.020540448248422,1,0.8133953600681226,tail_only,linear
31,0.8158962203179134,0.8159112755883271,4.117082558560402,1,,tail_only,linear
32,0.8177452499561539,0.8177687502086662,3.7659800361188274,1,,tail_only,linear
33,0.8191232494140822,0.8191280615073899,3.621406037029095,1,,tail_only,linear
34,0.8137905466499524,0.8137988907009321,3.3262244247662536,1,,tail_only,linear
35,0.819662022184383,0.8196843695376783,3.085015881995822,1,,tail_only,linear
36,0.818459948028347,0.8184692501000704,2.6810974160305068,1,,tail_only,linear
37,0.8139966434832557,0.8139993006071586,2.8231899853494133,1,,tail_only,linear
38,0.8244865188440247,0.8244910410326466,2.7343077970191776,1,,tail_only,linear
39,0.8132313742376249,0.813235657808197,2.339108089961701,1,,tail_only,linear
40,0.8121918814326079,0.8121947419795273,2.3159007105967873,1,0.8133884976978715,tail_only,linear
41,0.819293449446254,0.8192936413636065,2.5027510147929073,1,,tail_only,linear
42,0.81425426491887,0.8142559356084345,2.672102905920593,1,,tail_only,linear
43,0.8298670092721392,0.8298677649413205,3.1073724301957864,1,,tail_only,linear
44,0.8178186309127217,0.8178220990343079,2.657562123205363,1,,tail_only,linear
45,0.8071284780057282,0.8071291840399395,2.9512388194096935,1,,tail_only,linear
46,0.813478989814307,0.8134796503323716,2.595288453934221,1,,tail_only,linear
47,0.8165540546241128,0.8165551475186357,2.457508146678914,1,,tail_only,linear
48,0.8216386152701589,0.8216412889856451,3.4629405964281728,1,,tail_only,linear
49,0.8238137856136865,0.8238138422070782,2.9271102961955315,1,,tail_only,linear
50,0.8157363385653763,0.8157399076725637,3.559309750106715,1,0.8133884895443143,tail_only,linear
51,0.8218840610924218,0.8218851554584896,3.434247899181653,1,,tail_only,linear
52,0.816097127485714,0.8160981407145614,3.120833732655172,1,,tail_only,linear
53,0.8185252563096965,0.8185255650639979,3.3411934994394255,1,,tail_only,linear
54,0.8170561294757804,0.8170591061609607,3.1051926006767063,1,,tail_only,linear
55,0.8217157000223787,0.8217161381701946,3.0412573309154154,1,,tail_only,linear
56,0.8193072922875787,0.8193101805877062,2.9756087558397533,1,,tail_only,linear
57,0.8150595424793798,0.8150595880436109,2.5468171065930685,1,,tail_only,linear
58,0.8071175685738443,0.8071205403094991,2.3792760796952592,1,,tail_only,linear
59,0.8317279570726435,0.8317279570726435,2.795103107308526,1,,tail_only,linear
60,0.811056456285183,0.8110564769780724,2.6495402322845747,1,0.813388568898305,tail_only,linear
61,0.8156794262283641,0.8156798683095937,2.7042180620177096,1,,tail_only,linear
62,0.8104122149113424,0.810414656656014,2.527476433051884,1,,tail_only,linear
63,0.8167157194621273,0.8167163495634046,2.665151583517821,1,,tail_only,linear
64,0.812891370468467,0.8128922330542057,2.3299033972079912,1,,tail_only,linear
65,0.8204635687775096,0.8204638415391066,2.1240455912737546,1,,tail_only,linear
66,0.8197528261216585,0.8197528261216585,1.756030605783711,1,,tail_only,linear
67,0.803985162124672,0.8039854228763185,1.9309372868988424,1,,tail_only,linear
68,0.8144461940335612,0.8144478038470779,2.4020304932594585,1,,tail_only,linear
69,0.8099272128109307,0.8099272139522629,2.6467675702895193,1,,tail_only,linear
70,0.813089517701783,0.813089517701783,2.1047399324275693,1,0.8133885684390975,tail_only,linear
71,0.8204001291971676,0.8204001303266419,2.0582317261355256,1,,tail_only,linear
72,0.818289371613028,0.818290526067283,1.7545975753883574,1,,tail_only,linear
73,0.8136775728581545,0.8136777687285043,1.5537447210594295,1,,tail_only,linear
74,0.8163222549987619,0.8163222558549752,1.7661183482860563,1,,tail_only,linear
75,0.8167522987329695,0.8167522987329695,1.6022725936233164,1,,tail_only,linear
76,0.8234462091512746,0.8234462112964973,1.9476249959343337,1,,tail_only,linear
77,0.8216059734631616,0.8216061024884238,1.6817503343143918,1,,tail_only,linear
78,0.8146528780770781,0.8146535560180013,1.6108304832053808,1,,tail_only,linear
79,0.8131903164279954,0.8131903924564219,2.2039985383946044,1,,tail_only,linear
80,0.8220142022500609,0.8220156802255756,1.8712560890786023,1,0.8133885684390975,tail_only,linear
81,0.8117768849088931,0.8117772361239428,2.0292821209502305,1,,tail_only,linear
82,0.8177598988293819,0.8177600578421707,2.0418976439853505,1,,tail_only,linear
83,0.8195614025562548,0.8195619792082706,2.1998978039047774,1,,tail_only,linear
84,0.8151341779924093,0.8151347308075774,2.38821465801848,1,,tail_only,linear
85,0.8169286170493091,0.8169286191619787,1.9035733269530917,1,,tail_only,linear
86,0.8294947590707793,0.8294951085462348,1.7304342252708311,1,,tail_only,linear
87,0.8078816853450674,0.8078816857355702,1.7061711715988648,1,,tail_only,linear
88,0.8183906178980547,0.8183906215011787,1.788148116705241,1,,tail_only,linear
89,0.8093179217054389,0.8093179217054389,1.8534504441799584,1,,tail_only,linear
90,0.8147539958416734,0.8147539958416734,1.697221982712266,1,0.8133885684390975,tail_only,linear
91,0.8235618874120931,0.8235618874120931,1.6249221389584372,1,,tail_only,linear
92,0.8227455605612032,0.8227455605612032,1.634331382989502,1,,tail_only,linear
93,0.8219654592200463,0.8219654592200463,1.8579379948399743,1,,tail_only,linear
94,0.81756028206641,0.81756028206641,1.7603922562348449,1,,tail_only,linear
95,0.8150765734723684,0.8150765738635992,1.6530804642877697,1,,tail_only,linear
96,0.8182142198639903,0.8182142198639903,1.4013123563560912,1,,tail_only,linear
97,0.8149547342892642,0.8149547342892642,1.2501339820956692,1,,tail_only,linear
98,0.8193484709881936,0.8193484709881936,1.4602387942905306,1,,tail_only,linear
99,0.8153980778847061,0.8153980778847061,1.6939823682745456,1,,tail_only,linear
100,0.8294745545171636,0.8294745548392728,1.975466319270646,1,0.8133885684390975,tail_only,linear
101,0.8247670492396681,0.8247670513119102,2.3744840156941773,1,,tail_only,linear
102,0.8065601425335386,0.8065601425335386,2.2570580877920605,1,,tail_only,linear
103,0.8114039961218731,0.8114039961218731,2.3447536164269764,1,,tail_only,linear
104,0.8170881166850121,0.8170881166850121,2.0617470150208272,1,,tail_only,linear
105,0.8171122349064975,0.8171122349064975,2.114445429616279,1,,tail_only,linear
106,0.8207579756268151,0.8207579756268151,2.0803279094511575,1,,tail_only,linear
107,0.8116203976350108,0.8116203976350108,1.5423973820883292,1,,tail_only,linear
108,0.8137634472038546,0.8137634472038546,1.545717511345282,1,,tail_only,linear
109,0.8134027095092236,0.8134027095092236,1.457490075360991,1,,tail_only,linear
110,0.8185588616780414,0.8185588616780414,1.757659668608502,1,0.8133885684390975,tail_only,linear
111,0.8010442449982351,0.8010442449982351,1.9984669981525156,1,,tail_only,linear
112,0.8125664377896101,0.8125664377896101,2.009964384520764,1,,tail_only,linear
113,0.8151949482734349,0.8151949482734349,2.445171789418165,1,,tail_only,linear
114,0.8083973945741021,0.8083973945741021,2.6942720949005405,1,,tail_only,linear
115,0.812365428134594,0.812365428134594,2.729966722679366,1,,tail_only,linear
116,0.8064699657612588,0.8064699740106109,2.5586655730229513,1,,tail_only,linear
117,0.8226963093093258,0.8226963166002901,2.9120201512004895,1,,tail_only,linear
118,0.8123115162037942,0.8123119437423036,3.1856642352149653,1,,tail_only,linear
119,0.8232439353542942,0.8232454409583814,3.5070695617693546,1,,tail_only,linear
120,0.823831137559982,0.8238321626352754,3.388126499537112,1,0.8133885684390975,tail_only,linear
1,0.9663726290081118,1.405082704588159,0.9762403437039812,2,0.9725878290706738,tail_only,linear
2,0.8188903076346772,1.0967946201366008,1.2609786867189754,2,,tail_only,linear
3,0.8118242222552301,1.0130071349027696,1.8907083277932464,2,,tail_only,linear
4,0.807152476804369,0.9603075672519664,2.666952163238104,2,,tail_only,linear
5,0.8251804083082719,0.931572729235658,3.2061933674497873,2,,tail_only,linear
6,0.8159895189000143,0.9136615935751922,3.6781013910220257,2,,tail_only,linear
7,0.817346895765737,0.9923198786563374,5.221377209773329,2,,tail_only,linear
8,0.8051667645721343,1.014544012334997,5.770097213547663,2,,tail_only,linear
9,0.8170689280557342,0.8953039930228146,5.562729006777734,2,,tail_only,linear
10,0.8255266469977567,0.8282222535295499,6.067947798014881,2,0.8134261761093264,tail_only,linear
11,0.8139561968869476,0.8174993179421336,5.718693940855693,2,,tail_only,linear
12,0.8232772814383877,0.8266536891033082,5.220990344635582,2,,tail_only,linear
13,0.815966808448509,0.8173228093616998,5.533562789075797,2,,tail_only,linear
14,0.8176293750412822,0.8189655903770189,6.230659544530003,2,,tail_only,linear
15,0.8200196639395965,0.8214274036238232,6.491647638764599,2,,tail_only,linear
16,0.8200481876651655,0.8213560207948998,5.867035469899765,2,,tail_only,linear
17,0.8125298405322232,0.8132232697254727,5.628247154962843,2,,tail_only,linear
18,0.8169183232580091,0.8173399665677175,6.01836692525921,2,,tail_only,linear
19,0.8130830414046412,0.8138114381003121,5.880389589737258,2,,tail_only,linear
20,0.813886683944534,0.8159232868825586,5.862567158334907,2,0.8133986627412799,tail_only,linear
21,0.8118409570177532,0.8126270724080152,5.7961360547439,2,,tail_only,linear
22,0.8132773340818429,0.8137635698284977,7.490273579262377,2,,tail_only,linear
23,0.8188981457269129,0.8196526335374859,6.287720116051005,2,,tail_only,linear
24,0.8227226767640756,0.8234878172802809,6.266232855175384,2,,tail_only,linear
25,0.8137905401422789,0.814127639359852,6.580978956897681,2,,tail_only,linear
26,0.807844895184239,0.8081182723137716,6.092686960140791,2,,tail_only,linear
27,0.8063792280497019,0.8071055268064795,6.617857699385225,2,,tail_only,linear
28,0.8224607285516556,0.8228685107592715,6.286958572240693,2,,tail_only,linear
29,0.818233318835178,0.8184226025004004,6.716458488752703,2,,tail_only,linear
30,0.8199189831874765,0.8859222730807161,7.074321229121883,2,0.8134110268776336,tail_only,linear
31,0.8285427375034023,0.8286740505094505,9.26768800509835,2,,tail_only,linear
32,0.811253308752993,0.8113709845903154,16.71240376436008,2,,tail_only,linear
33,0.8049801549941238,0.8716192850350927,20.233038643245273,2,,tail_only,linear
34,0.8112296313057875,0.811322458839169,19.13769352844056,2,,tail_only,linear
35,0.8112517466707698,0.8115951685703842,21.76696692530239,2,,tail_only,linear
36,0.8172890375195683,0.8835421199589667,23.708377877195716,2,,tail_only,linear
37,0.813279408628067,0.8137554122176449,29.02493129729285,2,,tail_only,linear
38,0.8087020478664723,0.8734757278886107,37.90524823722395,2,,tail_only,linear
39,0.8142843543138801,0.8227633992101404,32.108484338283645,2,,tail_only,linear
40,0.8178277189560854,0.8182760890723069,32.1583385733418,2,0.8134378672792452,tail_only,linear
41,0.8180740267822402,0.8183951877529145,30.90771620419173,2,,tail_only,linear
42,0.825249702030774,0.8258316945585992,39.39642953709416,2,,tail_only,linear
43,0.8079481793071019,0.8082900416251615,52.060313601159216,2,,tail_only,linear
44,0.8076585211993785,0.8078742027674413,63.91293439435449,2,,tail_only,linear
45,0.820315436754216,0.8204520679051852,74.69711336169625,2,,tail_only,linear
46,0.8250389896438886,0.8251396700173815,70.67568038953004,2,,tail_only,linear
47,0.8229460005727269,0.8231257111869943,78.89051321777087,2,,tail_only,linear
48,0.828073397267288,0.8282009974907385,92.45876969574212,2,,tail_only,linear
49,0.8179750927091225,0.8181776566395444,90.81341514875312,2,,tail_only,linear
50,0.8128606171745991,0.8128758080684783,97.8332647926198,2,0.813395529540551,tail_only,linear
51,0.8088977938382815,0.8089829407276132,87.58377108341352,2,,tail_only,linear
52,0.8187089910824934,0.818762837406773,74.60630208875028,2,,tail_only,linear
53,0.8141045691279545,0.814170097255574,102.66083797167802,2,,tail_only,linear
54,0.8136182528605662,0.8136501357259639,126.72475605145765,2,,tail_only,linear
55,0.8129383306266762,0.8130336156842801,107.28483397298643,2,,tail_only,linear
56,0.8200508615886792,0.8200831983538861,93.04340459469977,2,,tail_only,linear
57,0.813781220102174,0.813812725915614,96.13841005571405,2,,tail_only,linear
58,0.8166225237888995,0.8166569319286792,82.23544290786587,2,,tail_only,linear
59,0.8149457297044014,0.8149781091501302,77.87376096170091,2,,tail_only,linear
60,0.8203055026256492,0.8203310351919582,70.93285059319916,2,0.81338673118647,tail_only,linear
61,0.8190064521057581,0.8190231759607385,60.66698852983483,2,,tail_only,linear
62,0.8199237252442744,0.8199357418051041,61.98735523267208,2,,tail_only,linear
63,0.8147886824464632,0.8147976766274926,49.61854051933217,2,,tail_only,linear
64,0.8112314884798012,0.811243768473032,56.11721182000611,2,,tail_only,linear
65,0.8174569867067989,0.8174923275897908,51.8758609827532,2,,tail_only,linear
66,0.8267821678149928,0.8267944886425074,50.330706025007345,2,,tail_only,linear
67,0.8152865103682247,0.8152981655158259,55.42494992575829,2,,tail_only,linear
68,0.8179573188030687,0.8179609950893095,53.72944230048854,2,,tail_only,linear
69,0.8188614310263809,0.8188705190969665,57.02063777184093,2,,tail_only,linear
70,0.8223479820852555,0.8223735163734629,72.78421419648174,2,0.8133953954590412,tail_only,linear
71,0.8067343100792926,0.8067397513634125,67.34562374744382,2,,tail_only,linear
72,0.815876525803604,0.8158836073994084,106.5418131842988,2,,tail_only,linear
73,0.8135049431389758,0.8136517499490485,84.7105079451661,2,,tail_only,linear
74,0.8143389185723305,0.8143574292573905,78.22769138047113,2,,tail_only,linear
75,0.8156455626669161,0.8156577621273163,76.21819294335208,2,,tail_only,linear
76,0.8172756786785227,0.817286544593234,80.04483568929214,2,,tail_only,linear
77,0.8190242426620769,0.8190397921513348,63.97428626471541,2,,tail_only,linear
78,0.8130545410646701,0.813086620171327,63.24872009301381,2,,tail_only,linear
79,0.8124272311962735,0.8124290852418079,49.67936990366529,2,,tail_only,linear
80,0.8106986420692484,0.8107001964244167,55.833275457821735,2,0.8133884895443143,tail_only,linear
81,0.8126070074882027,0.8126117298738004,61.80681016532336,2,,tail_only,linear
82,0.8099923481846378,0.809996388914497,65.37727484479714,2,,tail_only,linear
83,0.8151477677249844,0.8151523784570365,55.03666765933913,2,,tail_only,linear
84,0.8150353323657105,0.815039324771301,48.77721707131712,2,,tail_only,linear
85,0.818310113306532,0.8183102491388416,49.83630732803605,2,,tail_only,linear
86,0.8233192995101357,0.8233195723288506,55.43749658311945,2,,tail_only,linear
87,0.8157531621365817,0.8157562008927917,44.96193089462378,2,,tail_only,linear
88,0.8099459606228792,0.8099467078717089,56.73198615053745,2,,tail_only,linear
89,0.814671562430156,0.8146766900074208,60.061528388093386,2,,tail_only,linear
90,0.8172216056902104,0.8172247792403408,53.9592732023788,2,0.8133884895443143,tail_only,linear
91,0.8199584955884714,0.8199602959070434,93.3819338573866,2,,tail_only,linear
92,0.8239677295776615,0.8239754622485911,87.87118361197746,2,,tail_only,linear
93,0.8124715535028075,0.8124799791952373,115.4244626138002,2,,tail_only,linear
94,0.8140562447096631,0.8799559307655156,105.92899864436124,2,,tail_only,linear
95,0.8065432870060585,0.8065483390579098,101.28684673367992,2,,tail_only,linear
96,0.8184056616842528,0.8184090526712509,89.83674199447205,2,,tail_only,linear
97,0.8103510555488438,0.8103522932287717,81.60834056475515,2,,tail_only,linear
98,0.8037752521648451,0.803777352393974,91.7926316419951,2,,tail_only,linear
99,0.8276168196099563,0.8276189096381861,117.07876529175772,2,,tail_only,linear
100,0.8142214752976753,0.8142239337791287,128.4333977746443,2,0.8133884865271211,tail_only,linear
101,0.8093931748124503,0.8093954276013778,118.47832894585008,2,,tail_only,linear
102,0.8222214364942683,0.8222223493879577,106.19815830211358,2,,tail_only,linear
103,0.8172622489711404,0.8172628418994976,97.7728805266278,2,,tail_only,linear
104,0.819361926388423,0.8193622141971781,94.68884262370166,2,,tail_only,linear
105,0.8077665338197451,0.8077665378485405,90.51173532190565,2,,tail_only,linear
106,0.8153163943210031,0.8153163943210031,91.46586438493428,2,,tail_only,linear
107,0.8184537469415316,0.8184537472099668,93.11261795525266,2,,tail_only,linear
108,0.8102718512490406,0.8102718546781236,101.76261113972862,2,,tail_only,linear
109,0.8201826499390892,0.8201841083301327,122.87514991796743,2,,tail_only,linear
110,0.8160806226492394,0.8160806384255266,122.6964082192878,2,0.813388568898305,tail_only,linear
111,0.8166777596296297,0.8166783791770997,131.14213704151814,2,,tail_only,linear
112,0.8164902779991854,0.8164905783668994,162.87468987419774,2,,tail_only,linear
113,0.8208409610907011,0.8208412645368712,147.7122993723926,2,,tail_only,linear
114,0.8112495374361228,0.8112498412822655,131.958343135954,2,,tail_only,linear
115,0.8111095751041542,0.8111095756072889,146.69549818860543,2,,tail_only,linear
116,0.831376413838185,0.8997838384215515,146.54589533731146,2,,tail_only,linear
117,0.8173513496448537,0.81735184235047,115.27298755599595,2,,tail_only,linear
118,0.823984792754763,0.823984792754763,105.49302322382476,2,,tail_only,linear
119,0.8123156548918389,0.8123156548918389,85.2065628563977,2,,tail_only,linear
120,0.8150159075413745,0.8150159075413745,75.09032970845116,2,0.8133885684390975,tail_only,linear
1,0.8562033877222543,1.3569175886653122,0.995471431175016,0,0.89054975028084,no_hazard,linear
2,0.8556958950928946,0.9955176984792902,1.1260768125600509,0,,no_hazard,linear
3,0.8508103946075032,1.0143189225023808,1.2869474705197188,0,,no_hazard,linear
4,0.8358566497218235,0.8887019571907661,1.5140815959652878,0,,no_hazard,linear
5,0.8099612724883842,0.9104373328678526,1.6494449189490323,0,,no_hazard,linear
6,0.8186483926984741,0.8757571515655507,1.7303218863439749,0,,no_hazard,linear
7,0.8195819946944489,0.8632946320170174,1.7905893390713556,0,,no_hazard,linear
8,0.8040268037354017,0.8384437934799952,1.7861818670546736,0,,no_hazard,linear
9,0.8096642801665932,0.8447160068360657,1.8626684584902855,0,,no_hazard,linear
10,0.8111992484320623,0.8326097993635636,1.7716052859988505,0,0.8092525368063354,no_hazard,linear
11,0.8047604877964882,0.8275359900271783,1.833484368279608,0,,no_hazard,linear
12,0.8138631774218381,0.8251492531354394,1.8856504700137915,0,,no_hazard,linear
13,0.8153174324686021,0.8215110266199164,2.0981625688861376,0,,no_hazard,linear
14,0.8157479768138679,0.819297854518049,2.3901464224049476,0,,no_hazard,linear
15,0.7980656809052038,0.8007128063318449,2.837422243889702,0,,no_hazard,linear
16,0.8071054932583706,0.8108100333930788,3.025716047137011,0,,no_hazard,linear
17,0.8112924465242908,0.8155769628035499,3.193870476039463,0,,no_hazard,linear
18,0.8054628327220414,0.8074609021681494,3.1597906452762974,0,,no_hazard,linear
19,0.8032885228460487,0.8045789964771686,3.4067542281526166,0,,no_hazard,linear
20,0.8084052344774,0.8096239961396882,3.5404458451383367,0,0.809069337979813,no_hazard,linear
21,0.8140416204905985,0.8151092780587588,4.1536845457026805,0,,no_hazard,linear
22,0.8125776679661258,0.8132826659713734,5.172875601999859,0,,no_hazard,linear
23,0.8148554901660698,0.8178740211363079,5.943125892245135,0,,no_hazard,linear
24,0.811058060514406,0.8120759550285538,6.591893106331362,0,,no_hazard,linear
25,0.8062098461187944,0.807381690430633,6.9007669687995,0,,no_hazard,linear
26,0.8104036449576943,0.8111561298994803,7.522594857558008,0,,no_hazard,linear
27,0.8109030512266397,0.8121153736522774,7.694570206532319,0,,no_hazard,linear
28,0.8079917773513111,0.809305548699889,7.771680733628159,0,,no_hazard,linear
29,0.8242690397090513,0.8254937912450164,8.49540776166916,0,,no_hazard,linear
30,0.817897283216088,0.8184886137501358,9.80894603163286,0,0.8089772153833867,no_hazard,linear
31,0.8081029393971759,0.8092292999221089,10.692062054217953,0,,no_hazard,linear
32,0.8122710641819724,0.814765052353889,11.489617680747624,0,,no_hazard,linear
33,0.8092855890778162,0.8095946494613174,11.79318078838746,0,,no_hazard,linear
34,0.8063524480839603,0.806913706359141,11.193300113782067,0,,no_hazard,linear
35,0.8157634831852951,0.8167878614692038,12.952511298854104,0,,no_hazard,linear
36,0.8189714125785903,0.821212310052684,13.700357121693951,0,,no_hazard,linear
37,0.8105505215826003,0.8118284159447832,15.335674396591951,0,,no_hazard,linear
38,0.8163446588743171,0.8167416550450135,17.176044989633215,0,,no_hazard,linear
39,0.8080212816629653,0.8088621186961407,16.041738243998225,0,,no_hazard,linear
40,0.8160349166608272,0.8167495787249324,13.816284331515988,0,0.8087351171723995,no_hazard,linear
41,0.8085309085731158,0.8090775600350997,13.92258694928461,0,,no_hazard,linear
42,0.8106921709503445,0.8110816045769192,15.516771035519264,0,,no_hazard,linear
43,0.8117076084284384,0.8123832827227764,15.473795451220251,0,,no_hazard,linear
44,0.8094200985073807,0.8098697050847331,14.784854774152842,0,,no_hazard,linear
45,0.8032682815568704,0.8036926267422355,14.160704348738488,0,,no_hazard,linear
46,0.8155176970222631,0.8157599726328559,13.60822684401209,0,,no_hazard,linear
47,0.8115013687772974,0.8117442509871158,13.858502431371544,0,,no_hazard,linear
48,0.8117784502617376,0.8121089715050893,14.047729753640516,0,,no_hazard,linear
49,0.8203012708602273,0.8222947937844326,13.48625221307217,0,,no_hazard,linear
50,0.8128866276518112,0.8132723078798187,12.480126079462051,0,0.8087351164979788,no_hazard,linear
51,0.8121867045675646,0.8125519655508796,11.969008401381128,0,,no_hazard,linear
52,0.8121538144004379,0.812382089029885,10.61381176440737,0,,no_hazard,linear
53,0.8152376591205744,0.8154075125099758,9.8287539940319,0,,no_hazard,linear
54,0.8093209669183192,0.8096319402202928,10.401466855416755,0,,no_hazard,linear
55,0.8052558626272714,0.805557602062837,9.411462808731622,0,,no_hazard,linear
56,0.8230206232527447,0.8232093074775294,8.82497519850955,0,,no_hazard,linear
57,0.8114616335029445,0.8117214183686927,9.876515682247131,0,,no_hazard,linear
58,0.8153919082532666,0.8158165498099973,10.45939215386278,0,,no_hazard,linear
59,0.8014398262924203,0.8017040272368714,10.174939988927036,0,,no_hazard,linear
60,0.8101966010885302,0.8104305199562243,9.68702893757127,0,0.8085747486792154,no_hazard,linear
61,0.8139413676626234,0.8141801470841978,9.637807904320375,0,,no_hazard,linear
62,0.8082341011852205,0.8085759678935235,10.28846331234591,0,,no_hazard,linear
63,0.80551042881446,0.8056890167026352,10.139859744762449,0,,no_hazard,linear
64,0.8141243198763347,0.8143859598803411,9.632753645858212,0,,no_hazard,linear
65,0.8123442575984612,0.8127294091696484,10.130222278570232,0,,no_hazard,linear
66,0.8071996323363757,0.807284793735716,9.61757818867783,0,,no_hazard,linear
67,0.810643503091159,0.810815009862662,8.548324614591063,0,,no_hazard,linear
68,0.8096120692349946,0.8099145261028511,8.214979830892315,0,,no_hazard,linear
69,0.8045930902188136,0.8047546449700923,7.7251907669898765,0,,no_hazard,linear
70,0.8077946896925877,0.8079281168395567,7.349088707976618,0,0.8086246944012978,no_hazard,linear
71,0.8096296335720297,0.809791738188306,7.601869667176056,0,,no_hazard,linear
72,0.8040179075721496,0.8041424698089161,7.702807338267411,0,,no_hazard,linear
73,0.8088427666571856,0.8089855526711665,8.417963589094624,0,,no_hazard,linear
74,0.816625104661868,0.8167778098957617,7.271629356880291,0,,no_hazard,linear
75,0.8168186804011621,0.8169118853238406,7.4045794637550575,0,,no_hazard,linear
76,0.8108143073733778,0.8109172645743092,7.101347446112803,0,,no_hazard,linear
77,0.8091616346594879,0.8093968446690797,7.394495865742128,0,,no_hazard,linear
78,0.8129168964072531,0.81320275715529,6.975948428255696,0,,no_hazard,linear
79,0.808897036950865,0.8090441390705267,7.472554292544013,0,,no_hazard,linear
80,0.8130820239801284,0.8132760013032994,8.329442743386744,0,0.8086155503924063,no_hazard,linear
81,0.8206385821460426,0.8208523964740783,7.5327556882029665,0,,no_hazard,linear
82,0.8050438363834476,0.8051182179517014,7.807152544211909,0,,no_hazard,linear
83,0.8036567892306344,0.8039045145140027,8.33730225343075,0,,no_hazard,linear
84,0.8107267823052189,0.8108425440277378,8.35111167158334,0,,no_hazard,linear
85,0.8040161275303765,0.8042418560028597,9.029992309845523,0,,no_hazard,linear
86,0.8084511904079611,0.8086308491967189,8.80910921879665,0,,no_hazard,linear
87,0.8120068413933803,0.8121395377464808,8.254656687488996,0,,no_hazard,linear
88,0.8072404033050817,0.8074283669914214,8.204718714801583,0,,no_hazard,linear
89,0.8128416756803247,0.8131375774403327,8.576109692194212,0,,no_hazard,linear
90,0.8078333604622274,0.8080602466702322,9.56479679301784,0,0.8085751229171139,no_hazard,linear
91,0.810859130820361,0.8111853641936826,11.403023780044665,0,,no_hazard,linear
92,0.8250318534499954,0.8253525924016418,14.411274771883926,0,,no_hazard,linear
93,0.8043079302644388,0.8044423257543818,17.45782911091765,0,,no_hazard,linear
94,0.8071592903217015,0.8076200243136347,19.429060301457817,0,,no_hazard,linear
95,0.811474049967146,0.8116845013039,23.17297033115752,0,,no_hazard,linear
96,0.8090917648667859,0.8094966909875396,21.945364256683856,0,,no_hazard,linear
97,0.8098870842813592,0.810435755761213,21.104522991861067,0,,no_hazard,linear
98,0.8111161008097134,0.8114931843336874,19.14516671488201,0,,no_hazard,linear
99,0.8136270262141458,0.8138204159100685,18.52045702090563,0,,no_hazard,linear
100,0.8114417245747367,0.8116061419619466,16.554474844500625,0,0.8085631702439044,no_hazard,linear
101,0.8091982038866048,0.8092760205814571,17.064281515661975,0,,no_hazard,linear
102,0.8125897855011397,0.8127144761789344,15.941722013354532,0,,no_hazard,linear
103,0.8229756552532626,0.8231315313134084,14.522345241575014,0,,no_hazard,linear
104,0.8025736885178263,0.8026908267578794,15.05209839728614,0,,no_hazard,linear
105,0.8199758043976189,0.8200740215816194,15.910602157379074,0,,no_hazard,linear
106,0.812296132800252,0.8124734344195446,16.584106372163383,0,,no_hazard,linear
107,0.8089460774053707,0.8090694377033285,15.05537243585532,0,,no_hazard,linear
108,0.808931022648812,0.8090260369803086,16.360385456574605,0,,no_hazard,linear
109,0.8028057356724172,0.8029386262884657,16.76646315246742,0,,no_hazard,linear
110,0.81126338758353,0.8114159978580084,15.301022198053534,0,0.8085337995687776,no_hazard,linear
111,0.8070417458041119,0.8071591386982334,14.480382102409736,0,,no_hazard,linear
112,0.803786654110832,0.8040467314084603,15.132708699372982,0,,no_hazard,linear
113,0.8154338831863353,0.8155440088110841,16.127349157988103,0,,no_hazard,linear
114,0.8045723825150208,0.8046988314900274,17.908492767454213,0,,no_hazard,linear
115,0.8092400925523249,0.8095895931117576,18.42258312733287,0,,no_hazard,linear
116,0.8131494028159527,0.813304316952588,20.031191464683925,0,,no_hazard,linear
117,0.799704210180878,0.8000272371405646,22.380822173378817,0,,no_hazard,linear
118,0.8073773279866655,0.8079098134222975,25.885803423168852,0,,no_hazard,linear
119,0.8108433183853023,0.8110256376139263,28.259226006606028,0,,no_hazard,linear
120,0.8151443721235719,0.8154007969768473,32.459330153743714,0,0.80881824892942,no_hazard,linear
1,1.0309911872015478,1.4693295105416793,0.9403972587908108,1,0.9431353701839807,no_hazard,linear
2,0.8878588067484887,1.1555695777537052,1.015157205551271,1,,no_hazard,linear
3,0.815108377826214,0.9352885064739084,1.089136973200223,1,,no_hazard,linear
4,0.8165261946478796,0.891330901731969,1.2705547543425564,1,,no_hazard,linear
5,0.8270834940840452,0.8915341920124012,1.3266384605393884,1,,no_hazard,linear
6,0.8120293235333462,0.8551090440980056,1.3980348651347856,1,,no_hazard,linear
7,0.8074515002258928,0.8739205289746861,1.5729969101280548,1,,no_hazard,linear
8,0.814821015001266,0.840157801269086,1.8843877246396703,1,,no_hazard,linear
9,0.8182267085171151,0.8386679079187215,1.8851654220694416,1,,no_hazard,linear
10,0.8051642357473414,0.8183947299333809,2.159829448920351,1,0.8092991207488232,no_hazard,linear
11,0.81836969214003,0.8248558866352617,2.352895248177246,1,,no_hazard,linear
12,0.8219351812221081,0.8346783064113557,2.3885085775160273,1,,no_hazard,linear
13,0.8128305619252241,0.8176501307782446,2.591143895533337,1,,no_hazard,linear
14,0.8069264652872794,0.8222919398921722,2.8379197960720384,1,,no_hazard,linear
15,0.8147837917737435,0.8247005013336571,2.8172874923907365,1,,no_hazard,linear
16,0.8109038599629492,0.8193578813532466,3.675199098736762,1,,no_hazard,linear
17,0.8153860438470619,0.8199877143514037,4.4373531361986265,1,,no_hazard,linear
18,0.8144143010365754,0.8157694034144719,4.880736898926948,1,,no_hazard,linear
19,0.8149215849365246,0.8162898170676781,5.069336713529917,1,,no_hazard,linear
20,0.8227590491494776,0.8271555502282495,5.089393711423648,1,0.8087723158760951,no_hazard,linear
21,0.8063632207491097,0.8077341590841092,5.5226002674870704,1,,no_hazard,linear
22,0.8055982961007804,0.8076516762055885,5.592888994650548,1,,no_hazard,linear
23,0.8092004799797703,0.8107975873401089,5.620999748710809,1,,no_hazard,linear
24,0.8079640265222162,0.8086658648362675,5.225484526769766,1,,no_hazard,linear
25,0.8099980883989502,0.8111341961522496,5.14774780517689,1,,no_hazard,linear
26,0.8098804234332427,0.8102243017313451,5.384369717352812,1,,no_hazard,linear
27,0.8030849952616882,0.8035280377898246,5.706434658391855,1,,no_hazard,linear
28,0.8119118205442903,0.8128333433947281,5.304647072163728,1,,no_hazard,linear
29,0.8140232879484349,0.8146346966270263,5.216170718866111,1,,no_hazard,linear
30,0.8095293273033468,0.8101594600018264,4.751475439237871,1,0.8091104928706886,no_hazard,linear
31,0.81166991800673,0.8119529844043694,4.454761668079422,1,,no_hazard,linear
32,0.8123211255274132,0.8131673002403075,4.057558617332611,1,,no_hazard,linear
33,0.8147624134700906,0.8154660317919438,4.279021158275722,1,,no_hazard,linear
34,0.8096895776603508,0.8100389046619039,3.898765055744001,1,,no_hazard,linear
35,0.8149684685503824,0.8154353676476558,3.8121707628120465,1,,no_hazard,linear
36,0.8123228334603299,0.812487077576358,3.9808153338730055,1,,no_hazard,linear
37,0.8096981570114932,0.8100484093856526,3.851642735932331,1,,no_hazard,linear
38,0.8190041627375436,0.8193038890924692,3.4129069355743527,1,,no_hazard,linear
39,0.8077364416405299,0.8078964587000941,3.469023134864055,1,,no_hazard,linear
40,0.8073627153703758,0.807932237965245,3.517735372835892,1,0.808824796449901,no_hazard,linear
41,0.8137938313043098,0.8141402461080027,3.4320788794446893,1,,no_hazard,linear
42,0.8099812353046294,0.8103422426957756,3.238781175791885,1,,no_hazard,linear
43,0.8244949914856798,0.8249789134157842,3.5676627687670344,1,,no_hazard,linear
44,0.8120429806330693,0.8122985133113019,3.2028973097558264,1,,no_hazard,linear
45,0.8029063446385272,0.8030816771444202,3.087493407432208,1,,no_hazard,linear
46,0.8094039121533367,0.8097673238501157,3.058243141744621,1,,no_hazard,linear
47,0.812081942691927,0.8123109834410494,3.072154287413795,1,,no_hazard,linear
48,0.8166915326823441,0.8169264418681317,2.9131763811657048,1,,no_hazard,linear
49,0.8187951494209422,0.8191310501720944,2.8028046663292243,1,,no_hazard,linear
50,0.811735404225189,0.8118489048999742,2.9938131730089257,1,0.8086845630860875,no_hazard,linear
51,0.8165812653905974,0.8167075981638174,3.7356047032129234,1,,no_hazard,linear
52,0.8109269464421814,0.8112400017985868,4.3716351757601375,1,,no_hazard,linear
53,0.8143456027961411,0.8146079810493544,4.312478180993349,1,,no_hazard,linear
54,0.812145159664545,0.812561964107757,4.44370385329017,1,,no_hazard,linear
55,0.8153122582826893,0.8159988429982823,4.440500865096978,1,,no_hazard,linear
56,0.814646572454895,0.815069064701477,4.577257748254227,1,,no_hazard,linear
57,0.8105894886335718,0.8108668477792027,4.176867103912213,1,,no_hazard,linear
58,0.8025115777941982,0.8028165274545125,3.6585472719533434,1,,no_hazard,linear
59,0.8269967801368887,0.8272787145948161,3.3819196513254637,1,,no_hazard,linear
60,0.8060740310755811,0.806203194269905,3.083552464872285,1,0.8086025790377094,no_hazard,linear
61,0.8097295364842224,0.8098713912374012,2.8746071070223165,1,,no_hazard,linear
62,0.8056353803721596,0.8061694152236312,2.717143531309812,1,,no_hazard,linear
63,0.8114336400267015,0.8116525397006076,2.6532775614502,1,,no_hazard,linear
64,0.8088375393453684,0.80906796550809,2.910981473533144,1,,no_hazard,linear
65,0.8150968882683379,0.8153442527343757,2.881455014797873,1,,no_hazard,linear
66,0.8137369780438544,0.8139381850625458,2.934456749367236,1,,no_hazard,linear
67,0.7993033165638426,0.7994387140320823,3.125535060720954,1,,no_hazard,linear
68,0.809561217320516,0.8098570886014741,3.473869763074687,1,,no_hazard,linear
69,0.8055156522605529,0.8059579995926671,3.7965552124148383,1,,no_hazard,linear
70,0.8083559506326463,0.8085208269170536,4.133154588264831,1,0.8089744751530985,no_hazard,linear
71,0.8155517748567107,0.8157984038609136,4.241132875978006,1,,no_hazard,linear
72,0.8122072982580715,0.8127392871964458,4.33848238644365,1,,no_hazard,linear
73,0.8089085920671069,0.8091331821494319,4.782465528334725,1,,no_hazard,linear
74,0.8111572412182738,0.811505103123048,5.095674403772429,1,,no_hazard,linear
75,0.8114962013296833,0.8117828574963406,5.284254364391947,1,,no_hazard,linear
76,0.8174633795876942,0.8180523476939994,5.159706082470338,1,,no_hazard,linear
77,0.8169385571765376,0.81718071205871,5.097762186041937,1,,no_hazard,linear
78,0.8093781881501292,0.809743994190148,5.516512002979877,1,,no_hazard,linear
79,0.8086346404616769,0.8088496731093312,5.827224798326078,1,,no_hazard,linear
80,0.8170083788138802,0.8173599555765912,5.549486689957567,1,0.8088670337180712,no_hazard,linear
81,0.8063871496510462,0.8067418811336715,6.166263954398424,1,,no_hazard,linear
82,0.8113204709119044,0.8122682755011272,5.817743268368873,1,,no_hazard,linear
83,0.8150748540959971,0.8156104309993134,5.7798480692815515,1,,no_hazard,linear
84,0.8096180418453574,0.8100393846572324,5.425148242646257,1,,no_hazard,linear
85,0.811018757877717,0.8116233004764957,4.942919524955162,1,,no_hazard,linear
86,0.8235116976267183,0.8242280259997199,5.488015629182357,1,,no_hazard,linear
87,0.8024703793515586,0.8028014513235395,4.976569752531438,1,,no_hazard,linear
88,0.8128844148378895,0.8131328401875042,4.8328812816926146,1,,no_hazard,linear
89,0.8055751250861232,0.8058129576862619,5.4278739798996325,1,,no_hazard,linear
90,0.8101534290231134,0.810452244648779,6.33076420731166,1,0.8087598957481713,no_hazard,linear
91,0.8191367857975973,0.8195057045789018,6.608123562513888,1,,no_hazard,linear
92,0.8175189171435233,0.8179432802624924,6.269271110216656,1,,no_hazard,linear
93,0.8155981544438902,0.8158575315304064,6.8753978942544025,1,,no_hazard,linear
94,0.8123253266963106,0.8130750384692124,7.041946510208976,1,,no_hazard,linear
95,0.8100615807344429,0.8105643622476008,6.660915816571836,1,,no_hazard,linear
96,0.8128427304556877,0.8134742828672575,6.399290278578528,1,,no_hazard,linear
97,0.8105399269361235,0.8109156654770378,6.079620948512746,1,,no_hazard,linear
98,0.814959947985152,0.8155348662345191,6.050909496924844,1,,no_hazard,linear
99,0.810740136691269,0.8111499991083628,5.5148476427758055,1,,no_hazard,linear
100,0.8234716970291838,0.8238356899220755,5.193463425504873,1,0.8089272316420744,no_hazard,linear
101,0.8187752600854084,0.8193064430433425,5.5535068837605825,1,,no_hazard,linear
102,0.8027365822074496,0.8032080182597235,5.432871244699236,1,,no_hazard,linear
103,0.8055636700764909,0.8058269368503899,5.816772825958295,1,,no_hazard,linear
104,0.8124849460069239,0.8126775927378571,7.09508597778061,1,,no_hazard,linear
105,0.8116308953578486,0.8121375235750418,7.625189054422696,1,,no_hazard,linear
106,0.8157650558911983,0.8161029135124167,8.028628483521587,1,,no_hazard,linear
107,0.8062891789303295,0.8072244398291222,8.216312108734812,1,,no_hazard,linear
108,0.8096141420889463,0.8189940836641398,9.008007791808032,1,,no_hazard,linear
109,0.809663029792461,0.8102768648866813,9.27507779301545,1,,no_hazard,linear
110,0.813979725559625,0.816019531322061,10.049090881452823,1,0.808723985868829,no_hazard,linear
111,0.7970842739043036,0.7974470830502677,9.560141240889578,1,,no_hazard,linear
112,0.8079105462180987,0.8084222805501284,8.608261649400852,1,,no_hazard,linear
113,0.8098717561451195,0.8101442759530115,8.356929292915687,1,,no_hazard,linear
114,0.8034782720649299,0.8038121513572001,8.243605389724797,1,,no_hazard,linear
115,0.807629459976547,0.8078628184298311,8.32504130663089,1,,no_hazard,linear
116,0.8018230459085736,0.8019315415579605,8.218941374788567,1,,no_hazard,linear
117,0.816243006645193,0.8166548994202473,8.177736239741643,1,,no_hazard,linear
118,0.8085061318293514,0.8088457713831814,8.014502356435022,1,,no_hazard,linear
119,0.8183476727586569,0.8184520152780361,7.802625403084179,1,,no_hazard,linear
120,0.8195603743748238,0.8197916743587998,7.451305891327784,1,0.8086484985978886,no_hazard,linear
1,0.9283033880522816,1.3118718039039865,1.0550279946227583,2,0.8834161143316255,no_hazard,linear
2,0.8860870357341633,1.0901798491998862,1.131795539719673,2,,no_hazard,linear
3,0.8555962922693519,0.9994487447094104,1.275518256682738,2,,no_hazard,linear
4,0.812723093524907,0.9026765557778172,1.486397150496741,2,,no_hazard,linear
5,0.8220207347197734,0.902548356673446,1.7465618614842555,2,,no_hazard,linear
6,0.8322569952685753,0.914269629956724,2.029183235880885,2,,no_hazard,linear
7,0.8140301511969796,0.8627619498853236,2.203050375986957,2,,no_hazard,linear
8,0.801686818589278,0.8478536124681655,2.461133416693773,2,,no_hazard,linear
9,0.8115222681597433,0.8318078702835985,2.6257737734870132,2,,no_hazard,linear
10,0.8206838346099088,0.8674731578484539,2.7796124698767146,2,0.8099444350476763,no_hazard,linear
11,0.8103296443514063,0.8224145069728027,2.9501890324737263,2,,no_hazard,linear
12,0.817399447806249,0.8324048543594675,3.300574069008866,2,,no_hazard,linear
13,0.8126722434479903,0.8208704364804127,3.2345996749785666,2,,no_hazard,linear
14,0.8140108089222216,0.8170407726160449,3.6576148721614743,2,,no_hazard,linear
15,0.8166012470324602,0.8205202956456045,3.6822503839704672,2,,no_hazard,linear
16,0.8144193376340295,0.8190185543961517,3.971844330226864,2,,no_hazard,linear
17,0.8085117176820118,0.8098309988353388,4.571878660559587,2,,no_hazard,linear
18,0.8116964574660819,0.8127129444186371,5.043895209835058,2,,no_hazard,linear
19,0.809850081213668,0.8125582048336298,4.8072203038912145,2,,no_hazard,linear
20,0.8094024539294422,0.8121018762347127,5.296219865122069,2,0.8095769246148108,no_hazard,linear
21,0.8071032397995107,0.8084835910673326,5.342415397581479,2,,no_hazard,linear
22,0.8071066970291307,0.8076872526728333,5.269903300044318,2,,no_hazard,linear
23,0.8142244022646321,0.814752388430239,6.011884458895295,2,,no_hazard,linear
24,0.8179856453940252,0.8199478961407176,6.7517204409540295,2,,no_hazard,linear
25,0.8085344745558913,0.8096395935728432,6.849426936882515,2,,no_hazard,linear
26,0.803979835083244,0.8059120059645548,7.420242394904564,2,,no_hazard,linear
27,0.8033047381470617,0.8075107121761249,8.546725740468922,2,,no_hazard,linear
28,0.8176116244523319,0.8187907589947184,8.92584371723469,2,,no_hazard,linear
29,0.8146063199950659,0.8150318738585056,9.552236618685845,2,,no_hazard,linear
30,0.8150969528216234,0.817550444595361,11.279084439247494,2,0.8092383404441832,no_hazard,linear
31,0.8242750602727131,0.8251959658954291,12.024572308578277,2,,no_hazard,linear
32,0.8069754743426012,0.80967078452415,11.92382416040147,2,,no_hazard,linear
33,0.8023169435499327,0.8026688193128664,10.579758629723525,2,,no_hazard,linear
34,0.8065753379079241,0.8089245237230817,10.624203968517078,2,,no_hazard,linear
35,0.8061423257311244,0.8078419859147439,10.67876446111608,2,,no_hazard,linear
36,0.8130194355408396,0.8132521497635181,11.302230360944693,2,,no_hazard,linear
37,0.8087862737824284,0.8090696092437409,12.21780699701167,2,,no_hazard,linear
38,0.8042714815006409,0.8046031285812925,12.405662512428332,2,,no_hazard,linear
39,0.8094503550205885,0.8098724716097547,12.93551800895484,2,,no_hazard,linear
40,0.8126900291660984,0.8129784316531564,13.442393984880187,2,0.8090567709036535,no_hazard,linear
41,0.8127116685556769,0.8130740037689032,14.0401811598083,2,,no_hazard,linear
42,0.8206066824852807,0.8207586576175789,12.874101934440157,2,,no_hazard,linear
43,0.8025008651886093,0.8029673085708777,12.949436359817769,2,,no_hazard,linear
44,0.8035428810979447,0.803651181739859,13.19879385412578,2,,no_hazard,linear
45,0.8154120748781948,0.8156104372492785,12.182155407442028,2,,no_hazard,linear
46,0.819833236921295,0.8201063432227869,11.21266083881037,2,,no_hazard,linear
47,0.8188396622943038,0.8189820828570409,10.982165160119228,2,,no_hazard,linear
48,0.82352474865929,0.8237253156124514,11.620875214089123,2,,no_hazard,linear
49,0.8130293410232625,0.813180029100901,11.54304181656866,2,,no_hazard,linear
50,0.8075585707132575,0.8081796704121729,13.573996887679064,2,0.8087082417134932,no_hazard,linear
51,0.8046032192543296,0.8049418643601227,13.917892780828112,2,,no_hazard,linear
52,0.8127388052293667,0.8130253297026759,16.062746629993473,2,,no_hazard,linear
53,0.8075356775311919,0.8084023182547075,17.802942018191764,2,,no_hazard,linear
54,0.8082911083973252,0.8093249619174778,18.017099975410652,2,,no_hazard,linear
55,0.8085172361319232,0.8089021471916712,18.40315402507245,2,,no_hazard,linear
56,0.814687708477644,0.8149890365478385,18.521631142978276,2,,no_hazard,linear
57,0.8089367432275647,0.8090916014885985,18.52344274502279,2,,no_hazard,linear
58,0.8129387333110666,0.8131812741745785,19.591931133284376,2,,no_hazard,linear
59,0.8101688433974918,0.810564295872988,22.07185013599413,2,,no_hazard,linear
60,0.814637397096122,0.8148637465545111,24.900649330094385,2,0.8088172143778881,no_hazard,linear
61,0.8144571678761974,0.8148344447103434,27.263156479664097,2,,no_hazard,linear
62,0.8158634522923562,0.8164499331088895,27.42571281449981,2,,no_hazard,linear
63,0.8107063148286999,0.8112034635159335,25.856333682092536,2,,no_hazard,linear
64,0.8071325617531577,0.8077133299777406,26.047814554556044,2,,no_hazard,linear
65,0.8111631793705445,0.8117922261333987,23.499302731464287,2,,no_hazard,linear
66,0.8222771579884239,0.8224866154924682,22.305498887047857,2,,no_hazard,linear
67,0.8103920146258139,0.8106139387452086,22.467407248427545,2,,no_hazard,linear
68,0.8135444636243451,0.8137168320626051,23.918384999244633,2,,no_hazard,linear
69,0.813461850490529,0.8136178047268857,28.09184486037829,2,,no_hazard,linear
70,0.8177745943300958,0.8181260771255419,32.9758419647693,2,0.8086307771562341,no_hazard,linear
71,0.8024472472851378,0.8029326191748449,37.89971893491366,2,,no_hazard,linear
72,0.8110972555189003,0.8118479576511778,42.987782821620655,2,,no_hazard,linear
73,0.8084304144803311,0.808778870462702,46.79033493796183,2,,no_hazard,linear
74,0.809477806514571,0.8099510520325511,46.58974079213285,2,,no_hazard,linear
75,0.8119383546630579,0.8127013459154836,46.77351633230168,2,,no_hazard,linear
76,0.8121618916210022,0.8127406557315624,46.27649699926695,2,,no_hazard,linear
77,0.813845780706143,0.8141808342546208,43.58619091541327,2,,no_hazard,linear
78,0.8085894678544594,0.8090688848206411,43.49533085068965,2,,no_hazard,linear
79,0.8076852979001699,0.8085147059136351,42.74822191047837,2,,no_hazard,linear
80,0.8057993847427525,0.8061890803480618,42.41569170690658,2,0.8086312058727514,no_hazard,linear
81,0.808231126857281,0.8085454833856687,47.32981670662572,2,,no_hazard,linear
82,0.8053348744152407,0.8061705878284607,50.38447155329661,2,,no_hazard,linear
83,0.8090540896642274,0.8100397326394493,51.445158345764106,2,,no_hazard,linear
84,0.8097143618245897,0.8102997956285859,48.90685360344403,2,,no_hazard,linear
85,0.8126071359498857,0.8131043279126058,51.03165476609077,2,,no_hazard,linear
86,0.8169242275674284,0.8171793048330638,48.26611677038204,2,,no_hazard,linear
87,0.8111020550470023,0.8114902408211723,50.079740895025274,2,,no_hazard,linear
88,0.8050721421947049,0.8054549227975982,53.12597560013019,2,,no_hazard,linear
89,0.8097061691532671,0.8099449927983007,64.1504037105195,2,,no_hazard,linear
90,0.8126427826444669,0.8130621077518101,68.50595695616357,2,0.8085565063416711,no_hazard,linear
91,0.8156859120788369,0.8161328030439701,66.87553043713979,2,,no_hazard,linear
92,0.8194923091121561,0.8199271969242818,59.10498751812352,2,,no_hazard,linear
93,0.807420959835478,0.8078044272426311,56.66734430366766,2,,no_hazard,linear
94,0.8097850608999217,0.8101422578421811,50.927253683538936,2,,no_hazard,linear
95,0.8016692185394396,0.8018711504134095,49.79232926721195,2,,no_hazard,linear
96,0.8133537715219636,0.8135892811577171,54.76592849297148,2,,no_hazard,linear
97,0.8057484985352077,0.8065605743340035,57.236781622882255,2,,no_hazard,linear
98,0.7984777860051111,0.7987817571857021,61.79964396854298,2,,no_hazard,linear
99,0.8219279730155143,0.8222298947715041,55.30323044973088,2,,no_hazard,linear
100,0.8098872354959061,0.8103825811527015,54.52110539122974,2,0.8084896903394125,no_hazard,linear
101,0.8044999308335518,0.8050021319545267,54.62379688553366,2,,no_hazard,linear
102,0.8162574343070939,0.8168377003230257,51.61425897723717,2,,no_hazard,linear
103,0.812247567490401,0.8126007359797075,45.77473726172834,2,,no_hazard,linear
104,0.8135811889842923,0.8136944687281563,46.12406768754906,2,,no_hazard,linear
105,0.8032644427278721,0.8035005319761142,46.53561195371247,2,,no_hazard,linear
106,0.8111255328133207,0.8116368044866522,43.03555313862774,2,,no_hazard,linear
107,0.8132225413232314,0.8134304042231616,39.97568345389957,2,,no_hazard,linear
108,0.8072229584434567,0.8076367710315332,39.13419918351396,2,,no_hazard,linear
109,0.814759105652836,0.815019171599034,38.89000252186925,2,,no_hazard,linear
110,0.8115405849016932,0.8120504253070281,44.13072006870944,2,0.8086360530081134,no_hazard,linear
111,0.8108014640459138,0.8109803618881484,49.570006828717574,2,,no_hazard,linear
112,0.8115957345881242,0.8119750336176885,53.77850723099504,2,,no_hazard,linear
113,0.8165187626963408,0.8167982885543666,52.93312730562826,2,,no_hazard,linear
114,0.806811607407864,0.807051835698037,51.88839534603248,2,,no_hazard,linear
115,0.8059325007102032,0.8062237196558928,54.79862601578093,2,,no_hazard,linear
116,0.8262685546940968,0.8265526176307361,58.66816992110152,2,,no_hazard,linear
117,0.8127825645118909,0.8130605277271861,56.47163820406638,2,,no_hazard,linear
118,0.8183007462405356,0.8185901835923002,59.082490759086824,2,,no_hazard,linear
119,0.8070731293715179,0.807495213567083,61.74045316739688,2,,no_hazard,linear
120,0.8102984092361412,0.8104831753542499,66.24735214517806,2,0.8086539504287992,no_hazard,linear
1,0.903311124852265,1.257079166915878,0.9573232718304452,0,0.8298279020720079,full,linear
2,0.831081517979093,1.0330679307460378,0.95760788981514,0,,full,linear
3,0.8488276448671205,0.9333901189435452,1.0012188659001726,0,,full,linear
4,0.8222834621201494,0.8757181112702823,1.1618929620247678,0,,full,linear
5,0.8360844533274385,0.8726966652002318,1.13840536563288,0,,full,linear
6,0.8334295869409032,0.8768076738917723,1.1148586940847158,0,,full,linear
7,0.834663684923948,0.8711906116760979,1.1051054162968743,0,,full,linear
8,0.8116394240728443,0.8539916518756656,1.1145585183782092,0,,full,linear
9,0.820400850730741,0.8520292650458896,1.1862399070922636,0,,full,linear
10,0.8123742445747268,0.8464602273221156,1.3489130540849508,0,0.8121001145907787,full,linear
11,0.8058126565404529,0.8149999535760319,1.386524274342137,0,,full,linear
12,0.8132155949125204,0.8280639536966431,1.3790613305875037,0,,full,linear
13,0.8180020970346653,0.8345750514208353,1.3905763664560125,0,,full,linear
14,0.8167319736670364,0.8300772648867187,1.3610922288454022,0,,full,linear
15,0.7989219944295103,0.8122987395203122,1.459757791445498,0,,full,linear
16,0.8073275939173634,0.8190210875305277,1.4789843064538404,0,,full,linear
17,0.8123004385140433,0.8203928992271587,1.3604466592147226,0,,full,linear
18,0.8068517892113065,0.8132186862763857,1.310126410717533,0,,full,linear
19,0.8058815545382,0.8120763331753917,1.2374523514060396,0,,full,linear
20,0.8089157253962762,0.8140592399604787,1.2530457732161024,0,0.8104065008263999,full,linear
21,0.8155237092422946,0.8190155561955751,1.1697248624681182,0,,full,linear
22,0.8129482465402996,0.8145344041867326,1.265834834998977,0,,full,linear
23,0.8158526918618405,0.8197667593376505,1.2564581124682306,0,,full,linear
24,0.8123219794758156,0.8165240901009051,1.266342232617366,0,,full,linear
25,0.8075391491770729,0.8102902976613127,1.2273673929943942,0,,full,linear
26,0.811852857347917,0.814375447778986,1.191824664606865,0,,full,linear
27,0.8123492529858118,0.8134323615871337,1.274636602145627,0,,full,linear
28,0.8083531172580893,0.8097449752676074,1.3835613421805903,0,,full,linear
29,0.8251521393751557,0.8271937532210122,1.3012749614116386,0,,full,linear
30,0.8188179013461275,0.8202088016393698,1.222313966845375,0,0.8098527366689049,full,linear
31,0.8080110511721125,0.8095771242594918,1.1867094234585798,0,,full,linear
32,0.8123344514769881,0.8135762641733519,1.1460217648280309,0,,full,linear
33,0.809171294207733,0.8109870010696671,1.0780217369016714,0,,full,linear
34,0.8062868167680548,0.8078125020815334,1.0116084946963615,0,,full,linear
35,0.8150097182257581,0.8167852206402333,0.9592631088758856,0,,full,linear
36,0.819208901812851,0.8206233600839341,0.9161949209151744,0,,full,linear
37,0.8108677972642786,0.8120886478088775,0.8539691275163708,0,,full,linear
38,0.8165761639347684,0.8175092675761693,0.8198050883371585,0,,full,linear
39,0.8076697729733375,0.8083163217865439,0.7684867004085739,0,,full,linear
40,0.8161536575865255,0.8167050181505728,0.724064042076411,0,0.8089750639224691,full,linear
41,0.8091721726402886,0.8097254875468671,0.6725374962303733,0,,full,linear
42,0.8106744087373712,0.8115690622918524,0.6609358948493781,0,,full,linear
43,0.8118455783700274,0.812472168717058,0.6624182340842061,0,,full,linear
44,0.8092862204958707,0.8100114481199734,0.679448298988871,0,,full,linear
45,0.803354988720777,0.8038045427304943,0.6741307004250029,0,,full,linear
46,0.8152908971959332,0.8157800342964816,0.6912600617911554,0,,full,linear
47,0.8117858881301453,0.8124390945581228,0.7168318911176212,0,,full,linear
48,0.8115983740829184,0.8119706611146016,0.6967183371279061,0,,full,linear
49,0.8202048201046708,0.8207407262320741,0.7302397788497174,0,,full,linear
50,0.813460546658726,0.8138414767846721,0.7520909271451104,0,0.8088577727084969,full,linear
51,0.8122658706765378,0.8126163501295057,0.788317358876896,0,,full,linear
52,0.8123681345080088,0.8126506034619341,0.7633152524253155,0,,full,linear
53,0.8151514458728079,0.8153682700999428,0.7114108479485258,0,,full,linear
54,0.8091839202352582,0.8093920023935146,0.6846264127244039,0,,full,linear
55,0.8050423346172074,0.8052308974327214,0.707648504501821,0,,full,linear
56,0.8231085912981209,0.8237096895236273,0.7039228767968597,0,,full,linear
57,0.8113683436623285,0.811807005740536,0.6875383985583722,0,,full,linear
58,0.8155581875546654,0.8159784350719745,0.6658122047219458,0,,full,linear
59,0.8012870072449121,0.801839248263702,0.6409615561187724,0,,full,linear
60,0.810067992133034,0.8105435253793571,0.6467629921047341,0,0.8085767394389288,full,linear
61,0.8138434414831788,0.8146390831217345,0.6224399375199656,0,,full,linear
62,0.8071694528670841,0.8081694025530104,0.6844212587841949,0,,full,linear
63,0.8055828471462242,0.8062194401717251,0.6675919479464604,0,,full,linear
64,0.8137721435429268,0.814215877034432,0.6728905491339365,0,,full,linear
65,0.8122425578979069,0.8128360690140122,0.6475577973169516,0,,full,linear
66,0.8072836999481516,0.8077092650074813,0.6263754103664382,0,,full,linear
67,0.8105408367633974,0.8111608161664785,0.5973390844832374,0,,full,linear
68,0.8098804290078252,0.8102764268251231,0.5562696990268743,0,,full,linear
69,0.8049584435881372,0.8051399160801691,0.5851171956381552,0,,full,linear
70,0.8078278240822317,0.8080141068310114,0.5983522862588034,0,0.8085934923298009,full,linear
71,0.8093968643844034,0.8096290506623861,0.6554931422275837,0,,full,linear
72,0.8035524607763032,0.8046759956171968,0.6778489033634073,0,,full,linear
73,0.8088435762924633,0.8092471670934089,0.6766404889337189,0,,full,linear
74,0.8166043585676013,0.817054620429178,0.65241939073233,0,,full,linear
75,0.8167435031254147,0.8169378623026461,0.6863894078597227,0,,full,linear
76,0.8107704261274242,0.8110395749145694,0.7662483799385154,0,,full,linear
77,0.8089443178147937,0.8095559199930191,0.7837308866586943,0,,full,linear
78,0.8128401513562314,0.8137088552596046,0.7787234708647486,0,,full,linear
79,0.8091566318856034,0.8097748342130302,0.7930571843897337,0,,full,linear
80,0.8126674445010944,0.8133369088294915,0.7696436320278581,0,0.8086988733692795,full,linear
81,0.8208575285408279,0.8211393217727551,0.713255399130661,0,,full,linear
82,0.8045479238743617,0.8050119533754947,0.7344079337643032,0,,full,linear
83,0.8037291910175293,0.8044011975333025,0.7756482585073984,0,,full,linear
84,0.8104684677582861,0.8108061207413447,0.7511524049767497,0,,full,linear
85,0.803600755707641,0.8040351626954874,0.7243857340174523,0,,full,linear
86,0.8080610964032796,0.8084930431788886,0.658175985894745,0,,full,linear
87,0.8120314718205343,0.8124549894778428,0.616327266952163,0,,full,linear
88,0.8073721602312969,0.8077280626207534,0.5812829760482624,0,,full,linear
89,0.8126032718340666,0.8130662111007056,0.5556069798065948,0,,full,linear
90,0.8074655076156305,0.8078225751763277,0.5303545459078568,0,0.8085226511889883,full,linear
91,0.8108381994527332,0.811094001755946,0.4686516547952514,0,,full,linear
92,0.8239710908969387,0.8245203302612802,0.4454516595976763,0,,full,linear
93,0.8040588714245216,0.80421577024454,0.4680625003719372,0,,full,linear
94,0.8072507550281073,0.807596989643466,0.4459210594714377,0,,full,linear
95,0.8110532889998401,0.811298964715273,0.4395477698539347,0,,full,linear
96,0.8087540888532049,0.8090243629391553,0.430883003853427,0,,full,linear
97,0.8097681789160391,0.8102843060083303,0.4039259102254642,0,,full,linear
98,0.8109025182853289,0.8113125262442676,0.401861255469186,0,,full,linear
99,0.81356209034478,0.8138755177321176,0.4621610222063377,0,,full,linear
100,0.8114595073018408,0.8118860785776496,0.4794602084997134,0,0.8086399731696591,full,linear
101,0.8091015081512518,0.8093346031399042,0.4963374365016763,0,,full,linear
102,0.8123078572388336,0.8126346789183405,0.4809790644170235,0,,full,linear
103,0.8229542274929649,0.8234546081959926,0.4666907603053127,0,,full,linear
104,0.8025146079589198,0.8027586629903232,0.4685546718862227,0,,full,linear
105,0.820014411267765,0.8202248562328048,0.4722021736467973,0,,full,linear
106,0.8121403905162211,0.8123830112898591,0.4660186861554074,0,,full,linear
107,0.8087336933251399,0.8088359890840959,0.480906824444179,0,,full,linear
108,0.8083892801722412,0.8088855450466732,0.4963298711131463,0,,full,linear
109,0.8031480875004411,0.8033931820197109,0.5413496164907284,0,,full,linear
110,0.8110331711898278,0.8113334753783179,0.550577163854706,0,0.8084158001242158,full,linear
111,0.807249253752409,0.8075054076679784,0.5352818372416972,0,,full,linear
112,0.8034935201297093,0.8040372894354961,0.5453121445670633,0,,full,linear
113,0.8154676361314747,0.8159304735630066,0.4804045937907357,0,,full,linear
114,0.8043842646598669,0.8045443282794631,0.4738401389031544,0,,full,linear
115,0.8095830331938023,0.8104367176235319,0.4458635730307784,0,,full,linear
116,0.8124949352250055,0.8130224046843266,0.4227790412211865,0,,full,linear
117,0.7993166604557571,0.799514201608903,0.4250732981950192,0,,full,linear
118,0.8073020888577118,0.8076253719570701,0.4129361853084417,0,,full,linear
119,0.8107143877683916,0.8108590132182777,0.3899507182918339,0,,full,linear
120,0.8148418595335836,0.8151633488105672,0.3706055487720595,0,0.8085202314608859,full,linear
1,0.8752353480040597,1.2212898161973826,1.071964945520954,1,0.8563593749036578,full,linear
2,0.8283872063079459,1.0324472466875796,1.0707428662589793,1,,full,linear
3,0.8636900492425682,0.9403171766583848,1.1850736917259213,1,,full,linear
4,0.8475056834736043,0.8996173483038274,1.3064458693103695,1,,full,linear
5,0.8433616658307931,0.9137146255734604,1.5898577233114726,1,,full,linear
6,0.8210556145847683,0.8791600735303733,1.7958948796012766,1,,full,linear
7,0.8327225826156901,0.8819305097718502,2.0263428544205633,1,,full,linear
8,0.8285159893617999,0.8674564085438363,2.3280279403303807,1,,full,linear
9,0.8233620666985095,0.8469971430228812,2.677339094992428,1,,full,linear
10,0.8108273257919927,0.8480818675231683,3.288547991010315,1,0.8149600000388284,full,linear
11,0.8255284980170932,0.8725173132297754,3.6341704340718826,1,,full,linear
12,0.825922482397071,0.8516313030025034,4.010757060222881,1,,full,linear
13,0.8215034785126515,0.8506271494291509,4.280270966458308,1,,full,linear
14,0.8159617232808563,0.8358787772779367,4.882289323706671,1,,full,linear
15,0.8199690808021266,0.8399924698173493,4.952603072588323,1,,full,linear
16,0.8181076313767686,0.8305187924831866,5.390932508175425,1,,full,linear
17,0.8201043727466482,0.8328804069119355,5.872817689503802,1,,full,linear
18,0.8207130645587264,0.8334775688099579,7.429781808500152,1,,full,linear
19,0.8165443561029521,0.8272937893004996,7.856427584760954,1,,full,linear
20,0.824858621115061,0.8443475297940252,7.530328995158284,1,0.8126897336464887,full,linear
21,0.8118285751908074,0.8249869183842071,7.090877870896747,1,,full,linear
22,0.8090552031347513,0.8231532135429431,6.9534299796975505,1,,full,linear
23,0.811447032008457,0.8251017425082265,6.719948919401975,1,,full,linear
24,0.8101057810510193,0.8176690076462068,6.494757993441401,1,,full,linear
25,0.81146057129119,0.8193810888581882,6.284500400992141,1,,full,linear
26,0.8123065898920269,0.8156716441822475,6.655067622543731,1,,full,linear
27,0.8046686194305779,0.8103376769997199,6.87400544906052,1,,full,linear
28,0.8134872756252345,0.821270767249243,6.323469188910821,1,,full,linear
29,0.8147328914279526,0.818392996614329,6.136471866654715,1,,full,linear
30,0.8111972027702379,0.8152380059118761,5.838623834733814,1,0.8090252778827196,full,linear
31,0.8120951884263423,0.8141519020578456,5.512163485391961,1,,full,linear
32,0.8129813499483727,0.8158967480377939,5.001537612271697,1,,full,linear
33,0.8150121771728506,0.8168045445921389,4.635797095411988,1,,full,linear
34,0.8102869472147496,0.8121423298993248,4.394149304448668,1,,full,linear
35,0.8161844062197801,0.8174515722292294,4.257568026120566,1,,full,linear
36,0.8123035809923269,0.8137773277024404,3.828156672253339,1,,full,linear
37,0.8103808616404564,0.8108887346671508,3.635706392667316,1,,full,linear
38,0.8185655625774916,0.8192706417037838,3.4408084290653327,1,,full,linear
39,0.807855583455759,0.809014050997346,3.139444263821459,1,,full,linear
40,0.8077303983886321,0.8084369271641949,2.8350507756073564,1,0.8090462289288121,full,linear
41,0.8138262516149619,0.8144328076044197,2.6816121382250366,1,,full,linear
42,0.8102978224359283,0.8107445935545641,2.4536336563690457,1,,full,linear
43,0.8244513940539442,0.8247175848963193,2.6156831925605055,1,,full,linear
44,0.8126282421918085,0.8130000159221207,2.7039301873387194,1,,full,linear
45,0.8032296019863094,0.8034004747723218,2.9207946928283577,1,,full,linear
46,0.8096799538782351,0.8103340759964954,3.0989323067794325,1,,full,linear
47,0.8123369837289508,0.8127623681996035,3.4172895446735594,1,,full,linear
48,0.8171937650425762,0.8175859156443859,3.5884955210259877,1,,full,linear
49,0.8183945604417658,0.8189108908057524,3.739384636783589,1,,full,linear
50,0.8114051926812698,0.8129104079108023,3.712187658389994,1,0.8084992975454925,full,linear
51,0.8166051386380141,0.8181282124041814,3.8503288635778623,1,,full,linear
52,0.81105374652569,0.8122343297191591,3.634706022065969,1,,full,linear
53,0.8142509819474475,0.8147325448668753,3.2698046222338535,1,,full,linear
54,0.812401837695397,0.8132043885418216,3.128231131456841,1,,full,linear
55,0.8154016556868688,0.8160330633462648,2.9821391792960688,1,,full,linear
56,0.8146767501381953,0.8150907672981054,2.8687874835867633,1,,full,linear
57,0.8104011415456079,0.8109157356394118,2.644157810675635,1,,full,linear
58,0.8022293342724507,0.8029556542804847,2.6076977713276324,1,,full,linear
59,0.8269784304460761,0.8273281901590975,2.3464919027380233,1,,full,linear
60,0.8059051963862172,0.8061739971541917,2.1874688990717512,1,0.8087347247400527,full,linear
61,0.8097720124506411,0.8101317084729023,2.306163843190544,1,,full,linear
62,0.8055555797003773,0.8062287149103857,2.6263640012162246,1,,full,linear
63,0.811214789952631,0.8118511254740964,2.602301606042289,1,,full,linear
64,0.8079929003476295,0.808654519591534,2.5494515745698494,1,,full,linear
65,0.8150337975637663,0.8155631584091212,2.6997269872242704,1,,full,linear
66,0.8137380656898401,0.8142774262493679,2.7894506100038403,1,,full,linear
67,0.7995850092988,0.7999162564645883,2.8926173401387696,1,,full,linear
68,0.8094752299134178,0.8099678384398066,2.811975645814462,1,,full,linear
69,0.8053361470297922,0.8056630212726739,3.00151895466363,1,,full,linear
70,0.8085627296361044,0.8091202813256815,3.230499299039958,1,0.8090164699417065,full,linear
71,0.8152470203222183,0.815863941888569,3.3519804671695064,1,,full,linear
72,0.8124295430518873,0.8132314666141893,2.9776902399436533,1,,full,linear
73,0.8087433807877311,0.8090209897818288,2.955290618412122,1,,full,linear
74,0.810826181887536,0.8112174400318574,2.6116622530060707,1,,full,linear
75,0.8114468871439129,0.8116799297595507,2.646036478298213,1,,full,linear
76,0.8177457533325304,0.8178957239204853,2.5311115648585454,1,,full,linear
77,0.816895284994944,0.8172439151463502,2.4030669613464375,1,,full,linear
78,0.8090211615658189,0.8096263309390164,2.394324693625691,1,,full,linear
79,0.8086264596045134,0.8088237333731159,2.3617548364659307,1,,full,linear
80,0.8169557560712448,0.8173170576843217,2.2260884691294063,1,0.8088676540205132,full,linear
81,0.8065423973556275,0.8067236555450759,2.429761373084348,1,,full,linear
82,0.8110563358175165,0.8115009037732539,2.4378453362234023,1,,full,linear
83,0.8150079445421884,0.815255297876132,2.3155358804218276,1,,full,linear
84,0.8093656021422079,0.8096246484514871,2.383074479767487,1,,full,linear
85,0.8113022031293042,0.811761334866548,2.465268049068898,1,,full,linear
86,0.8240452770345046,0.8244482036246579,2.3212249401417404,1,,full,linear
87,0.8025514974780944,0.8027541271218993,2.3532467526615255,1,,full,linear
88,0.8129440422863086,0.8131292372553274,2.383751410502227,1,,full,linear
89,0.8056267439877964,0.8059333463917635,2.5547115709890096,1,,full,linear
90,0.8099224002367353,0.8106408867071438,2.56125785573349,1,0.8087987414644362,full,linear
91,0.8189660628173205,0.819366083397835,2.74545512764027,1,,full,linear
92,0.8170291377931975,0.8174576582527849,2.6453731713552484,1,,full,linear
93,0.8151030761059496,0.8156055750337399,2.4881345136687103,1,,full,linear
94,0.8120806057563782,0.8124589413008761,2.5770373889720606,1,,full,linear
95,0.8101275262330266,0.8103418465722791,2.695477596154612,1,,full,linear
96,0.8129978761307559,0.8133846175452399,2.967069592151359,1,,full,linear
97,0.810268361245367,0.8107563053291966,3.145163430461274,1,,full,linear
98,0.8147175331813039,0.8151485073799369,3.2400285349025566,1,,full,linear
99,0.8106362613958192,0.8109029050311569,3.3887049901816555,1,,full,linear
100,0.8229710378016419,0.8232716269676108,3.289288697514723,1,0.8088677075201767,full,linear
101,0.8190309510306177,0.8193469980054757,3.480353351467181,1,,full,linear
102,0.8026156489076919,0.8028793359211747,3.5281023552726105,1,,full,linear
103,0.8053191920079887,0.8056679760746704,3.5063957418369633,1,,full,linear
104,0.8123427344954604,0.8126709270842811,3.5698325068831296,1,,full,linear
105,0.8114917388003439,0.8118183746343196,3.839542752291575,1,,full,linear
106,0.8158880516399944,0.8163564660862694,3.9344454330783174,1,,full,linear
107,0.8067868221412122,0.8071630287231435,4.284438031899145,1,,full,linear
108,0.8090923537098594,0.8097310955411761,4.456747150462955,1,,full,linear
109,0.8102911344459964,0.8114763487298233,4.275197374663816,1,,full,linear
110,0.8136432938939796,0.8142001079604457,4.36482217470489,1,0.8090132663875851,full,linear
111,0.7971919838817794,0.797447107494373,4.597142959497944,1,,full,linear
112,0.8078976311264296,0.8085827771762604,4.719435770534648,1,,full,linear
113,0.8098790287825572,0.810249883371974,4.301256417876602,1,,full,linear
114,0.8033270879402898,0.803638932990104,4.141610071911764,1,,full,linear
115,0.8075478241620482,0.8079345208459111,4.101363695366014,1,,full,linear
116,0.8015571708890716,0.8016984047995281,3.9288918189430087,1,,full,linear
117,0.8158854646841566,0.8164272332282733,3.775523897339585,1,,full,linear
118,0.8087305796492177,0.8087910450978326,3.750625337505384,1,,full,linear
119,0.8181254697927629,0.8186934366030615,3.5958383734339407,1,,full,linear
120,0.8196250423922404,0.8199953556361448,3.362322563241866,1,0.8090558415982971,full,linear
1,0.9028366058650316,1.30003560706183,0.9625399077151802,2,0.8547674428536192,full,linear
2,0.8231637339340012,1.007344415772974,1.1496377119557946,2,,full,linear
3,0.817490535515965,0.8761410637021567,1.4302932217689253,2,,full,linear
4,0.8166409732502236,0.8848719733208688,1.7593250172452344,2,,full,linear
5,0.8270316456853636,0.925187785456325,1.9853117035203651,2,,full,linear
6,0.8192710662656262,0.8638857374936773,2.0993818048500934,2,,full,linear
7,0.8273700113996927,0.8865840634197866,2.1628037346681066,2,,full,linear
8,0.8074515484883347,0.861649518441368,2.129887386323609,2,,full,linear
9,0.8203406625961543,0.8484898322018499,2.169087982748905,2,,full,linear
10,0.8263180064755296,0.8555836621907927,2.2055488753937587,2,0.8165196302527531,full,linear
11,0.8117777594687094,0.8267220342054769,2.128252535929106,2,,full,linear
12,0.8209687020049128,0.8345376729906225,2.1125347939828276,2,,full,linear
13,0.813139476448494,0.8247764885442699,2.1767518823520384,2,,full,linear
14,0.8148415808575238,0.8270855579598937,2.1757994074582236,2,,full,linear
15,0.8178197812157124,0.8306103387968256,2.1590802007635657,2,,full,linear
16,0.8159080796824449,0.8234881902736171,2.081826032558016,2,,full,linear
17,0.8109664738492255,0.8182890171285038,1.9220523132247729,2,,full,linear
18,0.8138901496128723,0.8220553948978799,1.846880749468134,2,,full,linear
19,0.8104895270991157,0.8253623572054143,1.7851874391186788,2,,full,linear
20,0.8107118955723764,0.8154165253203765,1.6679494944089464,2,0.8102143069708053,full,linear
21,0.8072950932144787,0.8200490556016737,1.7006945605732289,2,,full,linear
22,0.8077985669898546,0.8122396530247589,1.6816649917777295,2,,full,linear
23,0.8150203128181411,0.8179683590211513,1.7509502272888084,2,,full,linear
24,0.8185543778577156,0.8251273045679515,1.8265780436558887,2,,full,linear
25,0.809729724070902,0.824337256224745,1.859337903874363,2,,full,linear
26,0.805356675647676,0.8086412965381374,1.8027533707803332,2,,full,linear
27,0.8043013055399362,0.8087316130608567,1.7542023323350753,2,,full,linear
28,0.8182950503829651,0.8199522901310088,1.648143435138825,2,,full,linear
29,0.8150978229914361,0.8181356616897186,1.6408508874361625,2,,full,linear
30,0.8155107790017312,0.8184745991947404,1.60201027588663,2,0.8090033921542993,full,linear
31,0.8244871382822244,0.8272973174289626,1.5849792115622812,2,,full,linear
32,0.8080972002514781,0.8095955645382238,1.596148458126074,2,,full,linear
33,0.8026491605217995,0.8041803318108494,1.6030482201533136,2,,full,linear
34,0.8066137730802047,0.8088137836492493,1.7005998218634042,2,,full,linear
35,0.806286840524443,0.8082874904961797,1.7634927342388549,2,,full,linear
36,0.8133354302021354,0.8148414716892849,1.8629488686277231,2,,full,linear
37,0.8089108131200162,0.8105806135931437,1.7752891332997531,2,,full,linear
38,0.8045764798428909,0.8055047021328031,1.728387224289414,2,,full,linear
39,0.8097930004534837,0.8109242921914461,1.8430582239123232,2,,full,linear
40,0.812910933852832,0.8141694836915219,1.9625932785671936,2,0.8089597342163178,full,linear
41,0.812768424239229,0.8140358428340237,2.266028479358715,2,,full,linear
42,0.8206911744926755,0.8224992210448406,2.4815696224481223,2,,full,linear
43,0.8026456406373843,0.8039771209622144,2.488296213758336,2,,full,linear
44,0.8031631775734223,0.8043509613887863,2.1825236728850372,2,,full,linear
45,0.8155981958425643,0.8165456925777388,2.054788713384555,2,,full,linear
46,0.8199497279550684,0.8210503506756743,1.906682917852395,2,,full,linear
47,0.81856794856879,0.8198922305413577,1.8531978471024493,2,,full,linear
48,0.8237179092205451,0.8244385522969637,1.8616973327591249,2,,full,linear
49,0.8131645837809933,0.8139210027461863,1.8686141959749112,2,,full,linear
50,0.8075628146373287,0.8086925783201877,1.8697596281631697,2,0.8087312181987247,full,linear
51,0.8049441096136757,0.8055365760679424,1.659365138101051,2,,full,linear
52,0.8125977618440721,0.813039707954894,1.6426859356664665,2,,full,linear
53,0.8075577258047294,0.8082171790475887,1.658823295931384,2,,full,linear
54,0.808329735726043,0.8090376357070065,1.570595713918137,2,,full,linear
55,0.8083675490250671,0.8088833817082358,1.416174885524646,2,,full,linear
56,0.8143630934838939,0.8147602077008967,1.378657426671233,2,,full,linear
57,0.8089291300263479,0.809463295033807,1.2694355153204295,2,,full,linear
58,0.8120252230292195,0.8123908343923392,1.2697470267730235,2,,full,linear
59,0.8102200025452442,0.8105026650907605,1.2610428005666938,2,,full,linear
60,0.8144183470467692,0.8146991619988266,1.2533014547033037,2,0.808581828157298,full,linear
61,0.8143054863149699,0.8147215725414322,1.1311085171614996,2,,full,linear
62,0.8154926424351094,0.8157549002671944,1.1243908262688078,2,,full,linear
63,0.8101164820473403,0.810532974290176,1.2145570693033074,2,,full,linear
64,0.8066395659832784,0.8070355808023857,1.2999975643370008,2,,full,linear
65,0.8111092237338555,0.8114888717815099,1.3205232018019029,2,,full,linear
66,0.822014085268285,0.8224151971473446,1.3048359394397668,2,,full,linear
67,0.8095523478216148,0.8102359609129334,1.2630398286865034,2,,full,linear
68,0.8127271286488233,0.8132457759960667,1.227234833241413,2,,full,linear
69,0.8131043841167496,0.8137371177678547,1.170506445837238,2,,full,linear
70,0.8171201945554651,0.8177517805297116,1.147213113467395,2,0.8085907778883645,full,linear
71,0.8022466905095176,0.8028768813176941,1.119293732982142,2,,full,linear
72,0.8107409458627363,0.811110427674731,1.2154665626983323,2,,full,linear
73,0.8084518174360901,0.8090784181162916,1.246031038033012,2,,full,linear
74,0.8092322289648135,0.8095149961322659,1.1667369278164337,2,,full,linear
75,0.8111105869998514,0.8117544664905934,1.2209391693692448,2,,full,linear
76,0.8118683079638771,0.8122363748897081,1.175740003418405,2,,full,linear
77,0.8138208211554468,0.8140923493782866,1.1678779328122255,2,,full,linear
78,0.808281593214041,0.8085512695855128,1.2395530331829925,2,,full,linear
79,0.8074106563129528,0.807816765575446,1.3946724243642143,2,,full,linear
80,0.8052949253587487,0.8061973225340735,1.3656616311880427,2,0.8084100209038834,full,linear
81,0.8075801401070788,0.8079978176077598,1.3374681068928604,2,,full,linear
82,0.8046379150161733,0.8050888242401095,1.283753308576128,2,,full,linear
83,0.8091956511167544,0.8095884413818651,1.3755524807232034,2,,full,linear
84,0.8095635585177988,0.8101721926905717,1.4543249311656072,2,,full,linear
85,0.812465335445977,0.8131035460263574,1.5514678661904024,2,,full,linear
86,0.8167049397683377,0.8169925580316177,1.6566242111996732,2,,full,linear
87,0.8110381359838914,0.8117341670502165,1.6124433384350594,2,,full,linear
88,0.8050450921664717,0.805547466495301,1.661124818346264,2,,full,linear
89,0.8095542300959748,0.8098026347960949,1.6149735676116657,2,,full,linear
90,0.8124176676888517,0.8127142261248563,1.5723302922044342,2,0.8084774922574194,full,linear
91,0.8146956895985613,0.815174327506514,1.463757611601686,2,,full,linear
92,0.8193528018449205,0.819918315288188,1.421204580355076,2,,full,linear
93,0.8072338811311282,0.8074509807596211,1.3826194391509314,2,,full,linear
94,0.8095453328960301,0.8098956733619105,1.26908150199509,2,,full,linear
95,0.8016410027743116,0.8021303809357986,1.1765981755118224,2,,full,linear
96,0.8133123531405894,0.8135133601066507,1.1043042484084475,2,,full,linear
97,0.8051309671175786,0.8053195578474073,1.1053744324210182,2,,full,linear
98,0.7981210089420745,0.7983298394341218,1.0895923658281104,2,,full,linear
99,0.8216767992438554,0.8218570367483271,1.1056640872454844,2,,full,linear
100,0.8098901543471368,0.8102327456191396,1.1906992755040662,2,0.8085394368076174,full,linear
101,0.8044052399865733,0.8047612599199109,1.2834921352814497,2,,full,linear
102,0.8160785996259168,0.8163662628093764,1.3225211573578357,2,,full,linear
103,0.8118654160110134,0.812365293907319,1.343710097051043,2,,full,linear
104,0.8131088665025621,0.8136769548473466,1.2248557181542723,2,,full,linear
105,0.8030069022062449,0.8034238668145501,1.083666894856033,2,,full,linear
106,0.8108524359640369,0.8109699560698983,0.9788734771291798,2,,full,linear
107,0.8128208461216089,0.812990676795652,0.9548582195688424,2,,full,linear
108,0.8068143026823162,0.8070081519703711,0.8709779566959885,2,,full,linear
109,0.8144516870175496,0.8147974960991946,0.8224274967641136,2,,full,linear
110,0.8110223137214453,0.8110941017308737,0.8029299445832592,2,0.8086340764827686,full,linear
111,0.8103724043267251,0.8105695777818853,0.7873108806498224,2,,full,linear
112,0.8113893845721435,0.8116626750598073,0.8661851282928549,2,,full,linear
113,0.815913387472829,0.8160669873700674,0.9393078700250224,2,,full,linear
114,0.8066975518636035,0.8069008688448426,0.9734351291744848,2,,full,linear
115,0.8053776602186815,0.8056327059145691,0.967018540681775,2,,full,linear
116,0.8264865396931225,0.8267087856675734,1.0518662056329378,2,,full,linear
117,0.8121604292225665,0.8129204939650145,1.0509650988882262,2,,full,linear
118,0.818758892404023,0.8190348996869453,1.0524855509682003,2,,full,linear
119,0.8066829209997748,0.8068892797012057,1.1022001936205423,2,,full,linear
120,0.8098939094384145,0.8101761738476616,1.2142859433194968,2,0.8085514352577358,full,linear
1,0.9180508384024895,1.4401504331805906,0.4693921045066038,0,1.6424730900608215,tail_only,mlp8
2,0.8173533878636443,1.428450068582452,0.44679501089443024,0,,tail_only,mlp8
3,0.933740295991884,1.2800627692975128,0.43481905097164497,0,,tail_only,mlp8
4,0.818881061413397,1.1949789890666271,0.42870214757658043,0,,tail_only,mlp8
5,0.825094371249491,1.0550141945494373,0.4251510726085048,0,,tail_only,mlp8
6,0.8257616001287307,1.0295312788876967,0.42388585544759644,0,,tail_only,mlp8
7,0.8261046989965882,0.9107078883162998,0.4261037275823491,0,,tail_only,mlp8
8,0.8057930121076857,0.8638307823018119,0.4303334693725522,0,,tail_only,mlp8
9,0.8134462439549053,0.8427150855424959,0.4332291214540708,0,,tail_only,mlp8
10,0.8160764122370795,0.8584756952394342,0.4420706353003727,0,0.8146900654037996,tail_only,mlp8
11,0.8130602711759258,0.866255152463691,0.44658962090451265,0,,tail_only,mlp8
12,0.8181367077522671,0.8762419904635927,0.4471359770641721,0,,tail_only,mlp8
13,0.8213061223763344,0.8353116851518523,0.44803935324504884,0,,tail_only,mlp8
14,0.8202777315250616,0.8601287241986224,0.45923608358128853,0,,tail_only,mlp8
15,0.8031551818470837,0.8182476004064037,0.46426361827395374,0,,tail_only,mlp8
16,0.8116932207438079,0.8358821501718301,0.472477506805661,0,,tail_only,mlp8
17,0.8158655726525708,0.8627631523984141,0.4813574766930737,0,,tail_only,mlp8
18,0.8109317060921442,0.8433785325338323,0.4914243136824439,0,,tail_only,mlp8
19,0.8077046728760523,0.8315922462705201,0.5011936348044014,0,,tail_only,mlp8
20,0.8132352705203512,0.8334721918632533,0.5144921308226247,0,0.8140336037610857,tail_only,mlp8
21,0.8203566951529069,0.8890550824667145,0.5317539532760214,0,,tail_only,mlp8
22,0.8168488990267084,0.8331788916921393,0.5417926629902536,0,,tail_only,mlp8
23,0.8218684878713395,0.8315239652236077,0.5476303943333751,0,,tail_only,mlp8
24,0.816679159605244,0.8357856383664208,0.5447019079939802,0,,tail_only,mlp8
25,0.8103931658329522,0.8289327267607756,0.549302192507744,0,,tail_only,mlp8
26,0.8164864843694528,0.8350337476724989,0.5527360165057655,0,,tail_only,mlp8
27,0.8184680462407043,0.844763286164095,0.5529718212900655,0,,tail_only,mlp8
28,0.8136484509846921,0.8345644196674133,0.5576711916078834,0,,tail_only,mlp8
29,0.8312889195298515,0.8506139675970104,0.5608578228170147,0,,tail_only,mlp8
30,0.8242364313733015,0.8346226940701361,0.5594330294208564,0,0.8141198713675082,tail_only,mlp8
31,0.8122862336453731,0.8357315486998008,0.5638916936693282,0,,tail_only,mlp8
32,0.8165284545940401,0.8383219031025001,0.5702954518555543,0,,tail_only,mlp8
33,0.8141023139409869,0.8285398420499497,0.5821479217054244,0,,tail_only,mlp8
34,0.8101585981640202,0.8211004309228107,0.5855727596089749,0,,tail_only,mlp8
35,0.8208088543306575,0.8405049095989945,0.5836531875359371,0,,tail_only,mlp8
36,0.8247285026774711,0.8447308829358915,0.5889014710182118,0,,tail_only,mlp8
37,0.8165259646984038,0.8267632498708015,0.5948431121282911,0,,tail_only,mlp8
38,0.8219529809127583,0.8383063924786931,0.6003021748518655,0,,tail_only,mlp8
39,0.8122877925760869,0.8278000032406823,0.591244080300788,0,,tail_only,mlp8
40,0.8207317620518169,0.8338940803789787,0.59498566517922,0,0.8150027057433475,tail_only,mlp8
41,0.8137457632664422,0.8256274555571408,0.6021691012470639,0,,tail_only,mlp8
42,0.8171916351193644,0.8260575816611898,0.6120679236703898,0,,tail_only,mlp8
43,0.8168292626777158,0.8233568967630999,0.6207609494541719,0,,tail_only,mlp8
44,0.8149232772037027,0.8208494018443907,0.6137637852115965,0,,tail_only,mlp8
45,0.8087582071148502,0.816345757642094,0.6179168622980641,0,,tail_only,mlp8
46,0.820384999740343,0.8282267289845069,0.620409203112035,0,,tail_only,mlp8
47,0.8164581123290544,0.8241282372636517,0.6244274497726963,0,,tail_only,mlp8
48,0.8166806274853617,0.8194358266994117,0.6211997592314074,0,,tail_only,mlp8
49,0.8243590193545394,0.8309055282329036,0.6248740497296417,0,,tail_only,mlp8
50,0.8186030319863772,0.8223348350278312,0.620525680412339,0,0.8134813349738598,tail_only,mlp8
51,0.8177411911662846,0.8228171109918632,0.6216093670186372,0,,tail_only,mlp8
52,0.8183284808477282,0.8258989162769559,0.6182491079215428,0,,tail_only,mlp8
53,0.8198836479233009,0.823346326403541,0.624708297552993,0,,tail_only,mlp8
54,0.8141068456746179,0.8180891468320443,0.6251140160625577,0,,tail_only,mlp8
55,0.808503440140892,0.8161069217090013,0.6210922176357193,0,,tail_only,mlp8
56,0.827842916765513,0.8300776273583488,0.6160317979494121,0,,tail_only,mlp8
57,0.8147259267056491,0.816981692238018,0.6164583284582688,0,,tail_only,mlp8
58,0.8217428510909379,0.8242990032757112,0.6135247230939112,0,,tail_only,mlp8
59,0.8058252197008351,0.808483742401674,0.6243480500974367,0,,tail_only,mlp8
60,0.8162922965403195,0.8221294769344399,0.6348606964689302,0,0.8132167312920299,tail_only,mlp8
61,0.8176661625284447,0.8209132313970785,0.6367537919774128,0,,tail_only,mlp8
62,0.811069616487906,0.8132151780179967,0.6396201070923972,0,,tail_only,mlp8
63,0.8094917716809038,0.8117109918056944,0.6359968023208594,0,,tail_only,mlp8
64,0.8184175225182388,0.8208753212893856,0.6366232456515762,0,,tail_only,mlp8
65,0.8176170953140005,0.8196149581797914,0.6284952179004538,0,,tail_only,mlp8
66,0.812345721467087,0.8145132164148594,0.6383316687435562,0,,tail_only,mlp8
67,0.8140016300402593,0.8167489013643207,0.6480028156320785,0,,tail_only,mlp8
68,0.8132648650103322,0.8165508684434031,0.6607828451445645,0,,tail_only,mlp8
69,0.8100347881651747,0.8135087659210689,0.6677380562604068,0,,tail_only,mlp8
70,0.8127697278422407,0.8191552926491017,0.6727621518941768,0,0.814197778645715,tail_only,mlp8
71,0.8143363697363468,0.815935645772375,0.6712435239476721,0,,tail_only,mlp8
72,0.808462941165761,0.8103253173297174,0.6765123117464689,0,,tail_only,mlp8
73,0.81301427227527,0.8162526504318554,0.6789166036836404,0,,tail_only,mlp8
74,0.8207037946669307,0.8232183586715622,0.6822446592603267,0,,tail_only,mlp8
75,0.8204560708926144,0.8218497559788518,0.6762458611384283,0,,tail_only,mlp8
76,0.8150568159373268,0.8171799268126034,0.6678299210004273,0,,tail_only,mlp8
77,0.813685694239586,0.8176693690623049,0.6615069995449885,0,,tail_only,mlp8
78,0.8173474071467925,0.8197438216956587,0.6516897786272076,0,,tail_only,mlp8
79,0.8148178142174751,0.8161754541554753,0.6388241144832123,0,,tail_only,mlp8
80,0.8172630831125465,0.8186387349372171,0.6296010955050121,0,0.8145342477184181,tail_only,mlp8
81,0.8258434094361414,0.826756604855208,0.6239378453246659,0,,tail_only,mlp8
82,0.8087773302788255,0.8117037701479464,0.6205034217868255,0,,tail_only,mlp8
83,0.8081791256885348,0.8100113642787755,0.6217466617348107,0,,tail_only,mlp8
84,0.8157692233570056,0.8176748324876681,0.6225602829667696,0,,tail_only,mlp8
85,0.8070701245112857,0.8101234605874841,0.6303894944495906,0,,tail_only,mlp8
86,0.8106771542173553,0.8139808761933613,0.6388493047592978,0,,tail_only,mlp8
87,0.8156245290980294,0.8176790868562052,0.6461828245543927,0,,tail_only,mlp8
88,0.8116046070020935,0.814464319748206,0.6567578504689077,0,,tail_only,mlp8
89,0.8165747084152887,0.8200193602579186,0.6649594877106434,0,,tail_only,mlp8
90,0.8117941185972324,0.8158180587331633,0.6785706708656072,0,0.8130689680486021,tail_only,mlp8
91,0.8144566254682102,0.8167626205681647,0.6795755940876392,0,,tail_only,mlp8
92,0.8295178669325585,0.8312544690960559,0.6797159114278954,0,,tail_only,mlp8
93,0.8075368476444507,0.8095014928897939,0.6900708571424594,0,,tail_only,mlp8
94,0.8115641261633438,0.8146695045050134,0.7005898110871788,0,,tail_only,mlp8
95,0.8149069950062668,0.8198505249122163,0.7009513537835078,0,,tail_only,mlp8
96,0.8119572746990728,0.8153261803974999,0.69135377981919,0,,tail_only,mlp8
97,0.8144404302280579,0.8174364081074712,0.6876158777851461,0,,tail_only,mlp8
98,0.8157670371707076,0.81745095963182,0.6850104775562447,0,,tail_only,mlp8
99,0.8184093184978176,0.8204348641329523,0.6719238856920138,0,,tail_only,mlp8
100,0.8156928394009112,0.8182645507552692,0.6581957871975304,0,0.8144283678752919,tail_only,mlp8
101,0.8121358151902989,0.8139909452272707,0.6489227830444887,0,,tail_only,mlp8
102,0.8173555516712072,0.8200322091546053,0.651929343151297,0,,tail_only,mlp8
103,0.8274286615178239,0.8306335946160754,0.6482142958884758,0,,tail_only,mlp8
104,0.8060623342501969,0.8068221144307289,0.639084086546057,0,,tail_only,mlp8
105,0.824366893900411,0.8256929685202357,0.6332202646458993,0,,tail_only,mlp8
106,0.8153786816383395,0.8188023114697951,0.6258108204228509,0,,tail_only,mlp8
107,0.8122734126040732,0.8141240471733517,0.6193976528968366,0,,tail_only,mlp8
108,0.812544533793661,0.8153711282516469,0.6220760855820595,0,,tail_only,mlp8
109,0.8065463436972755,0.8082084748840517,0.6169617928627043,0,,tail_only,mlp8
110,0.8152966615063282,0.8173096707738072,0.6076437139657505,0,0.8143932395079387,tail_only,mlp8
111,0.8117548144336411,0.8147821618090265,0.6113840634706851,0,,tail_only,mlp8
112,0.8071802002693542,0.8093349814317446,0.6132014924635973,0,,tail_only,mlp8
113,0.8201203519494142,0.8229609174626064,0.6128149918522229,0,,tail_only,mlp8
114,0.8073071082790755,0.8111611202243922,0.6054625111141173,0,,tail_only,mlp8
115,0.8127620159180884,0.8142707913250471,0.5999075071024191,0,,tail_only,mlp8
116,0.8158904435683976,0.8198076766161886,0.5903205011182306,0,,tail_only,mlp8
117,0.8037195653333921,0.8077042664386083,0.5803796957002632,0,,tail_only,mlp8
118,0.8111025767474475,0.8124301999195105,0.5759428961019303,0,,tail_only,mlp8
119,0.815737329814654,0.8179048897074026,0.5660775825269918,0,,tail_only,mlp8
120,0.8185608323103319,0.8198971347519576,0.5654625474866422,0,0.8140008447833784,tail_only,mlp8
1,0.8336085726755615,1.3416316498597372,0.47156577984191045,1,0.8692265219825777,tail_only,mlp8
2,0.8252479631934084,1.1315489925000888,0.4566778803788031,1,,tail_only,mlp8
3,0.8276331192684472,1.1123098038505348,0.45071246026602807,1,,tail_only,mlp8
4,0.8185527095800159,0.9407616301978872,0.4498147036483458,1,,tail_only,mlp8
5,0.8308997226399533,0.9701044601693916,0.4498044333995336,1,,tail_only,mlp8
6,0.8184348703804404,0.857155702967836,0.45302890970007287,1,,tail_only,mlp8
7,0.8155551052741663,0.8791035888391494,0.46089530760805464,1,,tail_only,mlp8
8,0.8189137050570565,0.9533164505536732,0.4677290183827491,1,,tail_only,mlp8
9,0.8232667082176091,0.8523345873369589,0.4757810020705284,1,,tail_only,mlp8
10,0.8105909515883165,0.8394453946708044,0.487853525688994,1,0.8151066578731622,tail_only,mlp8
11,0.8212488059446372,0.8438037121705679,0.4985768295191957,1,,tail_only,mlp8
12,0.8266479099580479,0.8535252883628166,0.5008959426196202,1,,tail_only,mlp8
13,0.8168025419887934,0.8939991514705585,0.5066491104984352,1,,tail_only,mlp8
14,0.809845166777027,0.826453143225782,0.5074729074167094,1,,tail_only,mlp8
15,0.8183570684520901,0.8439918221447056,0.5044391854433407,1,,tail_only,mlp8
16,0.8148651824879569,0.8327547332934385,0.5048080169840614,1,,tail_only,mlp8
17,0.8201630716680852,0.8281952725246102,0.5084838091510642,1,,tail_only,mlp8
18,0.8192966394682654,0.8308080958425332,0.5157612231863974,1,,tail_only,mlp8
19,0.8202542159771299,0.8313958881688194,0.519634348684678,1,,tail_only,mlp8
20,0.8267374866238587,0.8310339075160582,0.5315596990715412,1,0.8129350144890762,tail_only,mlp8
21,0.8095241141016116,0.8147562154138026,0.5433468231978293,1,,tail_only,mlp8
22,0.8092580460908716,0.8151046680351067,0.5547431651155801,1,,tail_only,mlp8
23,0.8124083551288683,0.8184626474775227,0.5622109076899782,1,,tail_only,mlp8
24,0.8122246774185857,0.8186924577504128,0.5688700938904754,1,,tail_only,mlp8
25,0.8138823973999008,0.8199028666067747,0.5719199940365748,1,,tail_only,mlp8
26,0.8153087030147428,0.8184257146548151,0.5808015859805669,1,,tail_only,mlp8
27,0.806878321814435,0.8102731371784673,0.5840137717145095,1,,tail_only,mlp8
28,0.8165998025571213,0.8206247237567688,0.5877263225884818,1,,tail_only,mlp8
29,0.8190317308720767,0.8236223877338338,0.5887461548141398,1,,tail_only,mlp8
30,0.8147317539059508,0.8171518977983461,0.5845913003890287,1,0.8128511544998445,tail_only,mlp8
31,0.8155591214897506,0.8183552906852185,0.5843731841149106,1,,tail_only,mlp8
32,0.8169755311640718,0.8197421081596998,0.5814868076404024,1,,tail_only,mlp8
33,0.8191126736178501,0.8214224537554677,0.5947720091150719,1,,tail_only,mlp8
34,0.8142435077032548,0.8168111728362886,0.6057167711477257,1,,tail_only,mlp8
35,0.8185900864929928,0.8205944332474049,0.6153097692855496,1,,tail_only,mlp8
36,0.8175487183887982,0.820886599552039,0.6286175473274214,1,,tail_only,mlp8
37,0.8126932732404453,0.816397358120795,0.6383272450134093,1,,tail_only,mlp8
38,0.8228134132675684,0.8326432511071977,0.6468679720824018,1,,tail_only,mlp8
39,0.8119928204250315,0.8171141960084128,0.6614230142802663,1,,tail_only,mlp8
40,0.8109556060989016,0.8166122491906285,0.6845287774017045,1,0.8129089918843667,tail_only,mlp8
41,0.8185694267226575,0.8241876858474817,0.6877037536260914,1,,tail_only,mlp8
42,0.8136783290908346,0.8172384970432621,0.687783665547186,1,,tail_only,mlp8
43,0.8281382780671732,0.832102608007866,0.6890345438261378,1,,tail_only,mlp8
44,0.8171841820667872,0.8209737531929304,0.6774297764798297,1,,tail_only,mlp8
45,0.8053497794105252,0.8088825699889235,0.6569758416749594,1,,tail_only,mlp8
46,0.8127361738492243,0.8160938080824359,0.6456967809445499,1,,tail_only,mlp8
47,0.8162490344000286,0.8189321769495181,0.6341423195762788,1,,tail_only,mlp8
48,0.8201020908489071,0.8234972931509791,0.6272774299904847,1,,tail_only,mlp8
49,0.821310296301855,0.8245031528583148,0.6225502685327626,1,,tail_only,mlp8
50,0.8143432682734184,0.818409796241869,0.6163631431221483,1,0.8124587630237848,tail_only,mlp8
51,0.8203540650933352,0.8232946692273466,0.6118904083678242,1,,tail_only,mlp8
52,0.8154249205796003,0.816764798205823,0.6129129405044335,1,,tail_only,mlp8
53,0.8195130210985189,0.8283429426144817,0.6119075232696801,1,,tail_only,mlp8
54,0.8160924228184276,0.8196715651917439,0.6133911459227083,1,,tail_only,mlp8
55,0.8195747590687199,0.8221628615607315,0.6186890751399117,1,,tail_only,mlp8
56,0.8184184100123058,0.8216088128961774,0.6171249845071737,1,,tail_only,mlp8
57,0.8141670156479783,0.8159513501432689,0.609704148354206,1,,tail_only,mlp8
58,0.8057072148768867,0.8074886288876619,0.5942270272514106,1,,tail_only,mlp8
59,0.829748218021724,0.8325937255727959,0.5870484617284468,1,,tail_only,mlp8
60,0.8086776589979072,0.8153101436373553,0.5931140316997061,1,0.8104672744216106,tail_only,mlp8
61,0.8130245116285151,0.8158819940060222,0.5931260963473491,1,,tail_only,mlp8
62,0.8086004398650029,0.811866888869694,0.5958944629820929,1,,tail_only,mlp8
63,0.8152414970052895,0.8227412670369098,0.600549568199244,1,,tail_only,mlp8
64,0.8122190060646455,0.816088121787532,0.6012779403216829,1,,tail_only,mlp8
65,0.8182072710447716,0.8235262379084006,0.5912831240085922,1,,tail_only,mlp8
66,0.8173806225778886,0.8203192680192334,0.5833138188720061,1,,tail_only,mlp8
67,0.8040320723514564,0.8075025248698888,0.5759155956477143,1,,tail_only,mlp8
68,0.812930025281923,0.8155462933686075,0.5600072128428716,1,,tail_only,mlp8
69,0.8088685852673849,0.8110795105472627,0.545872574439169,1,,tail_only,mlp8
70,0.8117772575515532,0.8133836417144868,0.5333543053294313,1,0.812228747070851,tail_only,mlp8
71,0.8186160963601175,0.821890603135647,0.5264328954642137,1,,tail_only,mlp8
72,0.8146769627760313,0.8179313264050831,0.5174894893101462,1,,tail_only,mlp8
73,0.8102718431675958,0.8137612424019689,0.5089082494458821,1,,tail_only,mlp8
74,0.8137557259911963,0.8164576768236669,0.5065319094158934,1,,tail_only,mlp8
75,0.814195465573492,0.8165281999561989,0.5056789348967545,1,,tail_only,mlp8
76,0.8198561219059168,0.823167579387925,0.5062003138360889,1,,tail_only,mlp8
77,0.8179607078163278,0.8210287840592845,0.5093687544487893,1,,tail_only,mlp8
78,0.8117898637549825,0.8148074447670733,0.513209865361904,1,,tail_only,mlp8
79,0.8101810891834711,0.8133266366044536,0.5121707877533934,1,,tail_only,mlp8
80,0.8180282603463583,0.8207318971201468,0.5074698651611268,1,0.8098290283019869,tail_only,mlp8
81,0.8084352782311445,0.8117213537198361,0.5093655066715542,1,,tail_only,mlp8
82,0.8127976352974455,0.8169648397612042,0.5079172289209068,1,,tail_only,mlp8
83,0.816599012636231,0.8196062654943569,0.5100425469974899,1,,tail_only,mlp8
84,0.811703834549174,0.8156944403883291,0.5130438406595837,1,,tail_only,mlp8
85,0.8125726108774334,0.8167510625826409,0.5137631478127428,1,,tail_only,mlp8
86,0.8251386925671957,0.8293814296175577,0.5194000806797879,1,,tail_only,mlp8
87,0.8045430328084939,0.8072957610380848,0.526187298022265,1,,tail_only,mlp8
88,0.8168514145103105,0.8206344744425212,0.5384575515291391,1,,tail_only,mlp8
89,0.8054222474789643,0.8099804961215851,0.5408006395287758,1,,tail_only,mlp8
90,0.8119740964253925,0.8150858533534182,0.5387960175209524,1,0.8104194921911724,tail_only,mlp8
91,0.8196085610026321,0.8236107498666316,0.5384533567133194,1,,tail_only,mlp8
92,0.8206987905855633,0.822418377386058,0.539877097917181,1,,tail_only,mlp8
93,0.8174077053394437,0.8213305384372525,0.5384600301264045,1,,tail_only,mlp8
94,0.8145786204796135,0.8181693398661446,0.5375322795603693,1,,tail_only,mlp8
95,0.8113589103477163,0.8140231648772343,0.5334417526743218,1,,tail_only,mlp8
96,0.8155649682413685,0.8187493126542149,0.5372739009492093,1,,tail_only,mlp8
97,0.8128045155760656,0.8160182095930687,0.5357115320932271,1,,tail_only,mlp8
98,0.8151641742691024,0.818726279950254,0.52959951659717,1,,tail_only,mlp8
99,0.8118102417038414,0.8145344076974692,0.5177021860055658,1,,tail_only,mlp8
100,0.8243552028999634,0.8273618216248824,0.5064819158266682,1,0.8101127466717043,tail_only,mlp8
101,0.8224689205456912,0.8264942522486624,0.5054535007146284,1,,tail_only,mlp8
102,0.8038004110278196,0.8075006163274057,0.5034471963288478,1,,tail_only,mlp8
103,0.8068218847035862,0.8096793373856335,0.4999804555649954,1,,tail_only,mlp8
104,0.8139721630427166,0.8181716136821557,0.49479624598720723,1,,tail_only,mlp8
105,0.8130131785617598,0.8164331256515741,0.492375278197296,1,,tail_only,mlp8
106,0.8183859769148105,0.8236637009549446,0.48680532558055967,1,,tail_only,mlp8
107,0.8077849530513491,0.8133343595390676,0.47363509022847716,1,,tail_only,mlp8
108,0.8111822451893227,0.8144245310577938,0.4648891128698536,1,,tail_only,mlp8
109,0.8122168131492657,0.8166178066047722,0.45381980059158095,1,,tail_only,mlp8
110,0.8153259253478231,0.8186656093523543,0.4487006271901083,1,0.8105956579723236,tail_only,mlp8
111,0.7979707150501258,0.8012516369882328,0.4465141530513743,1,,tail_only,mlp8
112,0.8098199495344649,0.8147522642831246,0.4512327387553394,1,,tail_only,mlp8
113,0.811187050112243,0.8148671215442043,0.4582999568830834,1,,tail_only,mlp8
114,0.8044163055996199,0.8067485766513796,0.4553976756867614,1,,tail_only,mlp8
115,0.8091471036546047,0.8117532637838591,0.45541465028618006,1,,tail_only,mlp8
116,0.8024011026610008,0.8073891835502618,0.4502179997620107,1,,tail_only,mlp8
117,0.817647386600496,0.8204272595198012,0.4427472017171012,1,,tail_only,mlp8
118,0.8090891710906121,0.8117805027424428,0.4315863966768638,1,,tail_only,mlp8
119,0.8190607196617581,0.8217052615223255,0.4185010891689364,1,,tail_only,mlp8
120,0.8211454391526185,0.8248758612111453,0.40598392562475755,1,0.8103789059584948,tail_only,mlp8
1,0.8262897634818045,1.259706444790659,0.4682379364793412,2,0.9725878290706738,tail_only,mlp8
2,0.8394370662584713,1.2941895740069271,0.44665247821459814,2,,tail_only,mlp8
3,0.8237692070102367,1.2239267565881338,0.4283358150734201,2,,tail_only,mlp8
4,0.8190340158254519,1.1536615630065983,0.4150058602966218,2,,tail_only,mlp8
5,0.8240563414078981,1.0103839785515074,0.403499573883917,2,,tail_only,mlp8
6,0.8170196650263449,0.8868941397156949,0.4004872430421935,2,,tail_only,mlp8
7,0.815658098993572,0.8530554166514226,0.3957985477620713,2,,tail_only,mlp8
8,0.8057005981159941,0.8519776204836317,0.3887826236767304,2,,tail_only,mlp8
9,0.8171053294540296,0.862046998525253,0.3851298871730278,2,,tail_only,mlp8
10,0.823929937993654,0.8637633245422248,0.38521742544612125,2,0.8134238190070507,tail_only,mlp8
11,0.8144367710141518,0.8397479005868727,0.37782879997918356,2,,tail_only,mlp8
12,0.8235429234053926,0.8792847704747715,0.37903308557956206,2,,tail_only,mlp8
13,0.818011195301048,0.8823569286327588,0.37983024521677017,2,,tail_only,mlp8
14,0.8176490051652687,0.943223977928932,0.3747789472933402,2,,tail_only,mlp8
15,0.8211901800487014,0.8926890255126312,0.3675463991956822,2,,tail_only,mlp8
16,0.8203908890765128,0.868934201647832,0.3645767824945207,2,,tail_only,mlp8
17,0.8147021306238735,0.8367904643728725,0.35865266076799435,2,,tail_only,mlp8
18,0.8156788816971108,0.8313100968504838,0.35728072928571425,2,,tail_only,mlp8
19,0.8124334487441519,0.8312462294419145,0.35104408443840635,2,,tail_only,mlp8
20,0.8131627346727877,0.8232277032432624,0.3517032234843995,2,0.8131142008320272,tail_only,mlp8
21,0.8112861384380841,0.8263053952435508,0.3525883997541354,2,,tail_only,mlp8
22,0.8111885902046614,0.8164390332679425,0.3481340726331232,2,,tail_only,mlp8
23,0.8183102424829076,0.8244454719444378,0.3375972267667998,2,,tail_only,mlp8
24,0.8219108051095328,0.843159953242685,0.3305296835889817,2,,tail_only,mlp8
25,0.8129816030863626,0.8187010916489064,0.32370619236180687,2,,tail_only,mlp8
26,0.8071358762891141,0.8141771252272202,0.3198698307139331,2,,tail_only,mlp8
27,0.8058142453752879,0.8246900146739834,0.3174795919560581,2,,tail_only,mlp8
28,0.8220973386976975,0.8274475879403915,0.31673756925652297,2,,tail_only,mlp8
29,0.8180634115921617,0.8227798902424722,0.3153901026981425,2,,tail_only,mlp8
30,0.8200743401616155,0.8234607775783224,0.3149474235620972,2,0.8135723845531304,tail_only,mlp8
31,0.8282879084230546,0.8326723518916583,0.3137554810525307,2,,tail_only,mlp8
32,0.8113146823114913,0.8160008881919536,0.31265322313251376,2,,tail_only,mlp8
33,0.8047541915497546,0.8079960698214539,0.31065244056912666,2,,tail_only,mlp8
34,0.8104186255744295,0.8131676022896127,0.31360053522730447,2,,tail_only,mlp8
35,0.8107107513044327,0.8156644989543407,0.3128689577218432,2,,tail_only,mlp8
36,0.8174472428329596,0.8265435025093653,0.31089244965231516,2,,tail_only,mlp8
37,0.8129791540066758,0.8169577058676978,0.30590450560309196,2,,tail_only,mlp8
38,0.8082628275439572,0.8107593346929748,0.30496743659553155,2,,tail_only,mlp8
39,0.8130383213024686,0.8164856034967007,0.306727949169921,2,,tail_only,mlp8
40,0.815767843392451,0.8186403370757869,0.30880468257594657,2,0.8129747590636348,tail_only,mlp8
41,0.816934626949054,0.8199220035748265,0.3161930876173013,2,,tail_only,mlp8
42,0.8241664326205328,0.8286146864522645,0.31947668130849655,2,,tail_only,mlp8
43,0.8084108719043771,0.8220024329605737,0.32554487537057425,2,,tail_only,mlp8
44,0.806503156765861,0.8084765965640474,0.33070846790231073,2,,tail_only,mlp8
45,0.8198266617332517,0.8243325061295979,0.3342654692344491,2,,tail_only,mlp8
46,0.8242535061506752,0.828871831764147,0.33779660412457124,2,,tail_only,mlp8
47,0.822660075768699,0.8251540625015352,0.3371720313228232,2,,tail_only,mlp8
48,0.8262415023240778,0.8312289433104356,0.3332550468765007,2,,tail_only,mlp8
49,0.817584518590492,0.81959031727864,0.32934656372506277,2,,tail_only,mlp8
50,0.8129538227463287,0.8175994106770109,0.3233101796846245,2,0.8133846510527091,tail_only,mlp8
51,0.8083971829762697,0.8120242520727816,0.3138243448079621,2,,tail_only,mlp8
52,0.8182282879458441,0.82361986341002,0.30333771553417704,2,,tail_only,mlp8
53,0.8120754907736313,0.8184706825995669,0.29618684742132373,2,,tail_only,mlp8
54,0.8132358366467595,0.8171299059647212,0.29076389379135287,2,,tail_only,mlp8
55,0.8118055834780797,0.8149679531240617,0.28783327780897316,2,,tail_only,mlp8
56,0.8188688843661704,0.8265539516508844,0.2836001286788714,2,,tail_only,mlp8
57,0.8126636966002534,0.81642595093243,0.28125789239642185,2,,tail_only,mlp8
58,0.8155606124476906,0.821862368176917,0.28322766181741615,2,,tail_only,mlp8
59,0.8146199148083688,0.818985497215431,0.283609070953675,2,,tail_only,mlp8
60,0.819071904379151,0.8226537331007544,0.28125092599761253,2,0.8125685191642211,tail_only,mlp8
61,0.8174623687053554,0.8199004723023533,0.27823522659685285,2,,tail_only,mlp8
62,0.8187562052720581,0.820905499586479,0.2733298309691105,2,,tail_only,mlp8
63,0.8129122493091412,0.8159285166511014,0.2704112295771418,2,,tail_only,mlp8
64,0.810501889086748,0.8147850247554604,0.27050583052633975,2,,tail_only,mlp8
65,0.815693943734219,0.817986414780697,0.2720891735914046,2,,tail_only,mlp8
66,0.8250587421339431,0.8279949813974978,0.2710519000317873,2,,tail_only,mlp8
67,0.8139522011428018,0.8190181888370749,0.26916880135703664,2,,tail_only,mlp8
68,0.8164608812380475,0.8210322238592953,0.2668329992792657,2,,tail_only,mlp8
69,0.8177099219118019,0.8198730166184812,0.2642146496319585,2,,tail_only,mlp8
70,0.8214943592630118,0.8230179150655454,0.2653045060455662,2,0.8144959534848787,tail_only,mlp8
71,0.805484326438627,0.8074640037818301,0.26129338100884014,2,,tail_only,mlp8
72,0.8150065905549513,0.8181382782307554,0.25830652870699217,2,,tail_only,mlp8
73,0.8121919871566112,0.8136377231753571,0.2572548642419935,2,,tail_only,mlp8
74,0.8131535084197009,0.8150819051654349,0.25914043211511567,2,,tail_only,mlp8
75,0.816112835989024,0.8168745376318564,0.25963153363692615,2,,tail_only,mlp8
76,0.8166651347021691,0.8207965807620377,0.2589175580959458,2,,tail_only,mlp8
77,0.8182051595339139,0.8194497925715765,0.25800870423417444,2,,tail_only,mlp8
78,0.8118306466943379,0.8138704867345534,0.2591524336353806,2,,tail_only,mlp8
79,0.8119450557144448,0.8129085735778803,0.26172958411575686,2,,tail_only,mlp8
80,0.8102823813638098,0.8126998135925282,0.2647671266716046,2,0.8130065671387847,tail_only,mlp8
81,0.8119332189368103,0.8137956157368184,0.26141961012439635,2,,tail_only,mlp8
82,0.8092527767537525,0.8116823849033679,0.2595018711733333,2,,tail_only,mlp8
83,0.8141645013451565,0.8154531563651737,0.25644005365806716,2,,tail_only,mlp8
84,0.8138164345481078,0.8168271355602468,0.2514492067563755,2,,tail_only,mlp8
85,0.8172006653839998,0.8186266318399193,0.2502527854157157,2,,tail_only,mlp8
86,0.8220786773438964,0.8239417907219553,0.24851111333470804,2,,tail_only,mlp8
87,0.8145654207487568,0.8162751062221126,0.24244681742520724,2,,tail_only,mlp8
88,0.8093026607533949,0.8116048194568527,0.24022259588791395,2,,tail_only,mlp8
89,0.8133670955202232,0.8146755671835063,0.23443186897424853,2,,tail_only,mlp8
90,0.8162404840091765,0.8189446702646163,0.2334388014481389,2,0.8128641733759636,tail_only,mlp8
91,0.8198300657240107,0.8211995740111965,0.23163310122813605,2,,tail_only,mlp8
92,0.8233647299140533,0.8268595174940501,0.23129029203445703,2,,tail_only,mlp8
93,0.8104498107109707,0.8131025033344335,0.22877915429796622,2,,tail_only,mlp8
94,0.812447260954954,0.8151961047448507,0.22873558430314753,2,,tail_only,mlp8
95,0.8057510453029897,0.8077842695521547,0.22774738636105232,2,,tail_only,mlp8
96,0.8176559655723082,0.819157219094355,0.22398392421475227,2,,tail_only,mlp8
97,0.8099103852035647,0.81258859742219,0.22037596183515815,2,,tail_only,mlp8
98,0.8027558097784664,0.8043760520758416,0.21874657304035605,2,,tail_only,mlp8
99,0.8263670776068522,0.8276988508934164,0.21769249360488596,2,,tail_only,mlp8
100,0.8132851264932633,0.8157400674507035,0.2171215006064449,2,0.8126257295144844,tail_only,mlp8
101,0.8076347625198574,0.8107578843137081,0.21623733216946908,2,,tail_only,mlp8
102,0.8219429205652641,0.8234634045341732,0.2150716009309048,2,,tail_only,mlp8
103,0.8167163969888982,0.818578747655178,0.2110377357119901,2,,tail_only,mlp8
104,0.817845300458663,0.8195303256477808,0.20576333450420334,2,,tail_only,mlp8
105,0.806774109119019,0.8088432789539476,0.20203786004020755,2,,tail_only,mlp8
106,0.8147168451386135,0.8159077243234376,0.19484125464152602,2,,tail_only,mlp8
107,0.8169702455262,0.8184320734141547,0.19020226315462277,2,,tail_only,mlp8
108,0.8100593424999694,0.8120822645918935,0.18943710347071974,2,,tail_only,mlp8
109,0.8187937084759163,0.8204269821631236,0.18831602810513584,2,,tail_only,mlp8
110,0.8151391686883753,0.8171235274850766,0.18538839639027233,2,0.812743933642386,tail_only,mlp8
111,0.8146983270980811,0.8161832525937701,0.1852146365614744,2,,tail_only,mlp8
112,0.8154580325398959,0.8174534305941591,0.18443437874886362,2,,tail_only,mlp8
113,0.8185069172463432,0.8201433197477191,0.18480648786066828,2,,tail_only,mlp8
114,0.8098852188630282,0.8130040843712435,0.18502837898201538,2,,tail_only,mlp8
115,0.809180481806592,0.8105844334978938,0.1828268624202859,2,,tail_only,mlp8
116,0.8298972664695597,0.8313807350934789,0.17925304835273845,2,,tail_only,mlp8
117,0.8154213538492767,0.8170896530472056,0.1767322105849956,2,,tail_only,mlp8
118,0.822029292287531,0.8238155929730996,0.17474144683580853,2,,tail_only,mlp8
119,0.8112441459260106,0.813378126825284,0.1750368122832981,2,,tail_only,mlp8
120,0.8133042560901601,0.8141997536021442,0.17410761513252743,2,0.8126012272484093,tail_only,mlp8
1,0.9880293532457467,1.3736453537339803,0.47990992578360375,0,1.1904639917162607,no_hazard,mlp8
2,0.9206470104813698,1.4489055786251148,0.46289366549668354,0,,no_hazard,mlp8
3,0.9133312764062093,1.2716703689385855,0.4492064880583858,0,,no_hazard,mlp8
4,0.9230798596873068,1.189450225620416,0.43763848272007244,0,,no_hazard,mlp8
5,0.8345200774473507,1.1838105947184467,0.43114739483232956,0,,no_hazard,mlp8
6,0.849656351107402,1.0092458734277254,0.4245744181498741,0,,no_hazard,mlp8
7,0.8330402694853125,0.8851128608063044,0.4178783495557087,0,,no_hazard,mlp8
8,0.8121848336302566,0.8841008256989453,0.4131849722053587,0,,no_hazard,mlp8
9,0.8209467215154596,0.8852652171903796,0.4098175404714943,0,,no_hazard,mlp8
10,0.8192090981929094,0.9178149775601503,0.4060965822896691,0,0.8134908792242316,no_hazard,mlp8
11,0.8124745636973827,0.8888873947677856,0.40183027212394606,0,,no_hazard,mlp8
12,0.8148935886987011,0.8885518874451298,0.39920880001220616,0,,no_hazard,mlp8
13,0.8162022802614504,0.8506313044087438,0.39720935541219277,0,,no_hazard,mlp8
14,0.8172732145997029,0.8586188996730999,0.39606468184142046,0,,no_hazard,mlp8
15,0.8016181427254285,0.833238498547671,0.3945450690326818,0,,no_hazard,mlp8
16,0.8103604937732883,0.8386078032226425,0.39184289102508124,0,,no_hazard,mlp8
17,0.8141543666916391,0.8263574274566798,0.39169136462195325,0,,no_hazard,mlp8
18,0.8082288141238921,0.8263797675447602,0.39172310192642157,0,,no_hazard,mlp8
19,0.8038606455055213,0.8351299708508583,0.39410353630465744,0,,no_hazard,mlp8
20,0.8097538431597142,0.8327739395215625,0.3970272857580519,0,0.8115379826044153,no_hazard,mlp8
21,0.816139514583639,0.8438522766566661,0.40146778551015155,0,,no_hazard,mlp8
22,0.8139414227841171,0.8191003467454108,0.4064229565382665,0,,no_hazard,mlp8
23,0.8164936604126456,0.8274701388465215,0.4141452146387402,0,,no_hazard,mlp8
24,0.8127203875995235,0.8261294888324088,0.4217807860919694,0,,no_hazard,mlp8
25,0.8079441026604153,0.8219995419681804,0.42960935862402766,0,,no_hazard,mlp8
26,0.8130645417777678,0.8258943391588633,0.43474138145059016,0,,no_hazard,mlp8
27,0.8131497179744392,0.8212558990657677,0.43806330817780614,0,,no_hazard,mlp8
28,0.8090394196899138,0.8175563111834037,0.439913358039986,0,,no_hazard,mlp8
29,0.8264996798939983,0.8337707386625793,0.44230522673765826,0,,no_hazard,mlp8
30,0.819255331798434,0.8321069143554541,0.44359618119239747,0,0.8098435777657933,no_hazard,mlp8
31,0.8093406678773747,0.8227434988482449,0.4428359014041968,0,,no_hazard,mlp8
32,0.8141421658387874,0.8285529864203197,0.44356639022307776,0,,no_hazard,mlp8
33,0.8102571793022634,0.8153774082600134,0.4434300929356853,0,,no_hazard,mlp8
34,0.8076277297945844,0.8188984189005217,0.4426151030753875,0,,no_hazard,mlp8
35,0.8173546544333198,0.8269040224770499,0.4408336795691979,0,,no_hazard,mlp8
36,0.8212224164994846,0.8298035504895966,0.43770815792744683,0,,no_hazard,mlp8
37,0.8122097562129449,0.8198786882874962,0.4349995883480267,0,,no_hazard,mlp8
38,0.8169514366254796,0.8292096216657575,0.4323259111182209,0,,no_hazard,mlp8
39,0.8095625011007042,0.8221768294573533,0.43105215208167463,0,,no_hazard,mlp8
40,0.8170752270314674,0.825455145490396,0.43001672922841344,0,0.8092149014055947,no_hazard,mlp8
41,0.8100134237013509,0.8198015207126168,0.4297771248875378,0,,no_hazard,mlp8
42,0.8119879331411471,0.8156109935257717,0.42893952878633107,0,,no_hazard,mlp8
43,0.8129539720327221,0.8160251653280042,0.42896550095293967,0,,no_hazard,mlp8
44,0.8103249626933438,0.8139879722442502,0.4274239773682526,0,,no_hazard,mlp8
45,0.8036345938767022,0.8082281413597654,0.4255840661990763,0,,no_hazard,mlp8
46,0.8159187680334283,0.819956942761191,0.42103856396083944,0,,no_hazard,mlp8
47,0.8132201416531009,0.8163365827681419,0.41790770973844643,0,,no_hazard,mlp8
48,0.8124333704079695,0.8158046422989262,0.41523253917341907,0,,no_hazard,mlp8
49,0.8212421110880844,0.8240746548781313,0.41210713757241074,0,,no_hazard,mlp8
50,0.8137810202841032,0.8178835251960221,0.40939138793429386,0,0.808991047484964,no_hazard,mlp8
51,0.8130181736461253,0.8203371254894172,0.4051154578468768,0,,no_hazard,mlp8
52,0.8121876701179974,0.8172158179765234,0.40093645876941814,0,,no_hazard,mlp8
53,0.8153005254091705,0.82139162123443,0.3957643484494704,0,,no_hazard,mlp8
54,0.8094559045044523,0.8144706143105931,0.39150112508933643,0,,no_hazard,mlp8
55,0.8057322409255896,0.8097296236830098,0.38622045075924244,0,,no_hazard,mlp8
56,0.8239584749269545,0.8282353598712953,0.3813044798793048,0,,no_hazard,mlp8
57,0.8113236883602317,0.8156031933622884,0.377471603855276,0,,no_hazard,mlp8
58,0.8160394556229168,0.8194983482455337,0.3740277020146944,0,,no_hazard,mlp8
59,0.8022601856806892,0.8037038551412937,0.371063722867593,0,,no_hazard,mlp8
60,0.8102737554874453,0.8123248900711035,0.3692518489882955,0,0.8088051074265827,no_hazard,mlp8
61,0.8140603561801905,0.81553432130562,0.36760325703760294,0,,no_hazard,mlp8
62,0.8083203936654342,0.8101334107529625,0.366138073839052,0,,no_hazard,mlp8
63,0.8058900309096588,0.8088289565646254,0.362876474319547,0,,no_hazard,mlp8
64,0.8139761239242789,0.8163748246027884,0.35965748433955697,0,,no_hazard,mlp8
65,0.813088874248354,0.8144498918755501,0.3587155736382022,0,,no_hazard,mlp8
66,0.8071977909605816,0.8089463946638642,0.35702908967122515,0,,no_hazard,mlp8
67,0.8112052807753061,0.8134916065739508,0.35543064683661535,0,,no_hazard,mlp8
68,0.8109176886753158,0.8128168821837707,0.35402220447571503,0,,no_hazard,mlp8
69,0.8056166661001269,0.8082506435731012,0.35389002494827587,0,,no_hazard,mlp8
70,0.8082570594331874,0.8100091363849061,0.3528910100818506,0,0.8091260939290787,no_hazard,mlp8
71,0.8097298837481063,0.8114254094879932,0.35259393618246515,0,,no_hazard,mlp8
72,0.8044004673231695,0.8061262807008895,0.350921163184043,0,,no_hazard,mlp8
73,0.8092970740970247,0.8111305127378088,0.34901625729223906,0,,no_hazard,mlp8
74,0.8166152165654872,0.8198123590973923,0.3465481064884474,0,,no_hazard,mlp8
75,0.8170751584902238,0.8200686785596315,0.3451448995413828,0,,no_hazard,mlp8
76,0.8114007882807768,0.8134983598275574,0.34261745819529255,0,,no_hazard,mlp8
77,0.8092831689195517,0.8112344626754411,0.3387972765140696,0,,no_hazard,mlp8
78,0.8123832586622515,0.814845729720492,0.3355135069292238,0,,no_hazard,mlp8
79,0.8096861085029824,0.8131992454163939,0.33243077181606256,0,,no_hazard,mlp8
80,0.8125809878662772,0.8145643769876607,0.33013026846995697,0,0.8090127694002864,no_hazard,mlp8
81,0.8204660902234346,0.8236971003682296,0.3294569615845629,0,,no_hazard,mlp8
82,0.8051002212312521,0.806477485583141,0.3288054100288731,0,,no_hazard,mlp8
83,0.8040046331113451,0.8048209315151154,0.32842439878037616,0,,no_hazard,mlp8
84,0.8109530284358062,0.812827947942108,0.3292469577227055,0,,no_hazard,mlp8
85,0.8044762375208978,0.8061713714460672,0.3308195057322007,0,,no_hazard,mlp8
86,0.8085959099389233,0.8114120757268344,0.33172292188085745,0,,no_hazard,mlp8
87,0.8127849259491353,0.8173091843962672,0.332770734229367,0,,no_hazard,mlp8
88,0.8075120143301655,0.8125737490303109,0.33408395857054984,0,,no_hazard,mlp8
89,0.813254375412474,0.8146582354514497,0.33476996357204564,0,,no_hazard,mlp8
90,0.8079587528522029,0.8095746400065145,0.33678202871746155,0,0.8085848441594669,no_hazard,mlp8
91,0.8106588866730168,0.8134971660640576,0.3380276129226848,0,,no_hazard,mlp8
92,0.8247277474524827,0.826864812704097,0.3388113365132624,0,,no_hazard,mlp8
93,0.8040811759294348,0.8058463004559988,0.33904400384105,0,,no_hazard,mlp8
94,0.8070735239070519,0.8080807792451643,0.33895661013597983,0,,no_hazard,mlp8
95,0.8116562738771856,0.8127619973435434,0.338505593865607,0,,no_hazard,mlp8
96,0.8091804022072809,0.8105443991648817,0.3390183784104132,0,,no_hazard,mlp8
97,0.8102154617509135,0.8114901411928467,0.3386960462102342,0,,no_hazard,mlp8
98,0.8109199579919093,0.8126446792446376,0.33774240855320387,0,,no_hazard,mlp8
99,0.8138106905412322,0.8165428179991647,0.3352865292503184,0,,no_hazard,mlp8
100,0.8117019381984052,0.8134019001772955,0.332010967940679,0,0.8085458597286825,no_hazard,mlp8
101,0.8089324022206605,0.8113459038477868,0.32863727987466057,0,,no_hazard,mlp8
102,0.8125117127381019,0.8132728821520263,0.32711495300854276,0,,no_hazard,mlp8
103,0.822969659832286,0.8240738662191875,0.32515049735506973,0,,no_hazard,mlp8
104,0.8026788272781156,0.8035391427748215,0.3237279677464022,0,,no_hazard,mlp8
105,0.8197351969681828,0.8205805015583132,0.3213884419429764,0,,no_hazard,mlp8
106,0.8118427935047142,0.8130488517454031,0.31953375187572286,0,,no_hazard,mlp8
107,0.8082449806853265,0.8091584851996821,0.3162676031546646,0,,no_hazard,mlp8
108,0.8088259015762332,0.8095628685886398,0.31266423245268415,0,,no_hazard,mlp8
109,0.8025239185000861,0.8032473734922398,0.30943364441879734,0,,no_hazard,mlp8
110,0.8111356108610017,0.8122440051774458,0.30634855995508764,0,0.8083369927767026,no_hazard,mlp8
111,0.807448903352447,0.8083669195001131,0.30294064228595013,0,,no_hazard,mlp8
112,0.80381333030042,0.8043385434892797,0.30051124640534127,0,,no_hazard,mlp8
113,0.8154392789661089,0.8162221941761534,0.2995715435102716,0,,no_hazard,mlp8
114,0.8043863547611919,0.8056935504532047,0.29993915486503864,0,,no_hazard,mlp8
115,0.8093818970694147,0.8099587040628156,0.30166871424947733,0,,no_hazard,mlp8
116,0.8131154626510595,0.8137868076455241,0.3034045430762146,0,,no_hazard,mlp8
117,0.7995879480177224,0.8001612447526695,0.30476100565313663,0,,no_hazard,mlp8
118,0.8071100040643676,0.8075273432276959,0.30569639763046935,0,,no_hazard,mlp8
119,0.8104676740621957,0.8109616418037949,0.3058025189657398,0,,no_hazard,mlp8
120,0.8149589247894219,0.8153549581341217,0.30690312711387363,0,0.8081963703145838,no_hazard,mlp8
1,0.8780264647704161,1.4434628112028236,0.47929784355952065,1,0.872338153255281,no_hazard,mlp8
2,0.924741573296048,1.365670492821434,0.46388433721278655,1,,no_hazard,mlp8
3,0.8881721146128969,1.1709447006155838,0.45394100836195467,1,,no_hazard,mlp8
4,0.8536940312257002,1.0758079779801246,0.44734784060702515,1,,no_hazard,mlp8
5,0.8426477497333833,1.0094370340564305,0.44056867482069856,1,,no_hazard,mlp8
6,0.8166162736837388,0.8967968845909411,0.43583303295094417,1,,no_hazard,mlp8
7,0.8108421146566254,0.8671604568440069,0.431261765522538,1,,no_hazard,mlp8
8,0.8160876381626865,0.8739393992380805,0.42658103786168533,1,,no_hazard,mlp8
9,0.8228902018309601,0.8726666397340391,0.42209978780338586,1,,no_hazard,mlp8
10,0.8085658616135152,0.8768665444211844,0.41835934091840427,1,0.8145048689685797,no_hazard,mlp8
11,0.8205132141060991,0.8746771291035951,0.41640572542844423,1,,no_hazard,mlp8
12,0.8230575874777519,0.8398750625742863,0.4147357547989686,1,,no_hazard,mlp8
13,0.8184533087647814,0.8518919408180581,0.4141848489380728,1,,no_hazard,mlp8
14,0.8102795915261363,0.8645625034116902,0.41420484617339437,1,,no_hazard,mlp8
15,0.8165901318285113,0.8492362736850276,0.4150380999552617,1,,no_hazard,mlp8
16,0.8193572407168388,0.8370800141310338,0.4157285442146951,1,,no_hazard,mlp8
17,0.8232918273528844,0.8587126477020062,0.4159147928323011,1,,no_hazard,mlp8
18,0.8164496660800719,0.8416297063415741,0.4173395591285502,1,,no_hazard,mlp8
19,0.8180576681628963,0.8564770818037861,0.41756511918279254,1,,no_hazard,mlp8
20,0.8257144578679785,0.8490952173942161,0.41851071090648717,1,0.8148845087426234,no_hazard,mlp8
21,0.808647447595428,0.8375525389257877,0.4191562725694149,1,,no_hazard,mlp8
22,0.8084969531893912,0.821378431209731,0.42040810826468994,1,,no_hazard,mlp8
23,0.8113162952741939,0.8331284539754205,0.4207213221179808,1,,no_hazard,mlp8
24,0.8113275442443173,0.8427963462515486,0.4209698834596066,1,,no_hazard,mlp8
25,0.8121350121398028,0.8215102901890208,0.4219294850438376,1,,no_hazard,mlp8
26,0.8121482969933462,0.8275077782117432,0.42397087562709573,1,,no_hazard,mlp8
27,0.8059621492195679,0.8246316713231978,0.42697808903514084,1,,no_hazard,mlp8
28,0.8131242275454779,0.8312353960779054,0.43189472257167594,1,,no_hazard,mlp8
29,0.8153878265735799,0.8257911329212466,0.4362029733948415,1,,no_hazard,mlp8
30,0.8104695061581337,0.824819649249428,0.43880588288194095,1,0.8104492217265251,no_hazard,mlp8
31,0.8136941429771261,0.8244063291113662,0.4408434453493019,1,,no_hazard,mlp8
32,0.8124972563273132,0.8286322272684126,0.44359125405586103,1,,no_hazard,mlp8
33,0.8169147878369756,0.8251118401664415,0.44593575806216856,1,,no_hazard,mlp8
34,0.8099547384786764,0.8160544382678134,0.44728013913516984,1,,no_hazard,mlp8
35,0.8167392424843621,0.8249793504304712,0.44908390836115264,1,,no_hazard,mlp8
36,0.8148721219963345,0.8300402107562694,0.4501379909010546,1,,no_hazard,mlp8
37,0.8115564281580072,0.817760794551166,0.45183375070461446,1,,no_hazard,mlp8
38,0.8209771183461847,0.8270624157874173,0.4562435337870895,1,,no_hazard,mlp8
39,0.8090172424298314,0.82013265961755,0.4612742566545856,1,,no_hazard,mlp8
40,0.8091726644162776,0.8181372084309702,0.46495990390001196,1,0.8104733135492522,no_hazard,mlp8
41,0.81494964828451,0.8208889712233477,0.46659683300685245,1,,no_hazard,mlp8
42,0.8111774230338747,0.8174524329673856,0.4686454085112471,1,,no_hazard,mlp8
43,0.8261894858955805,0.8300727856037005,0.4694538008830503,1,,no_hazard,mlp8
44,0.8141414884812219,0.8204391711588864,0.4695724137953266,1,,no_hazard,mlp8
45,0.8036492483008144,0.8123374261832588,0.4709117081569576,1,,no_hazard,mlp8
46,0.8117538039333487,0.8211553865500523,0.47256313561820606,1,,no_hazard,mlp8
47,0.8142270231724236,0.8206079664082886,0.47271933469342664,1,,no_hazard,mlp8
48,0.8173764771407366,0.8238058828997739,0.47422299906091847,1,,no_hazard,mlp8
49,0.8186608723243993,0.8232957806018115,0.47541862040432087,1,,no_hazard,mlp8
50,0.8125178835646484,0.8197158097355698,0.47556531990463824,1,0.8094737978677302,no_hazard,mlp8
51,0.8163817278522862,0.8220465207803465,0.47612125764036656,1,,no_hazard,mlp8
52,0.8119772292273596,0.8143552769087521,0.47654074481478537,1,,no_hazard,mlp8
53,0.8154877182554179,0.822302021054958,0.4785718649941467,1,,no_hazard,mlp8
54,0.8135055904730065,0.8155307813873844,0.47932571443655986,1,,no_hazard,mlp8
55,0.8161623553433318,0.8198270843114608,0.4795233338224595,1,,no_hazard,mlp8
56,0.8158781699527706,0.8186828556483596,0.4795161218503884,1,,no_hazard,mlp8
57,0.8111275438604126,0.813977440133099,0.4798686768912221,1,,no_hazard,mlp8
58,0.8032084990159121,0.8064126589035978,0.479589753338359,1,,no_hazard,mlp8
59,0.8278622506075377,0.8300006265935223,0.4784742926371275,1,,no_hazard,mlp8
60,0.8074094280246106,0.8108360108000279,0.47618246269940384,1,0.8097646308192475,no_hazard,mlp8
61,0.8098344039255763,0.8122826970673094,0.4737005983982384,1,,no_hazard,mlp8
62,0.8061783203891091,0.8081807065655056,0.46976865810798835,1,,no_hazard,mlp8
63,0.8115252745329993,0.8137486447045372,0.4654541827515254,1,,no_hazard,mlp8
64,0.808966586332025,0.8112168512974804,0.46207276505198724,1,,no_hazard,mlp8
65,0.8160872695353855,0.8187361388011029,0.4578321676144299,1,,no_hazard,mlp8
66,0.8143183185849053,0.8161192856619905,0.4556277843660987,1,,no_hazard,mlp8
67,0.8006876384278439,0.8024473161121801,0.45453019588913957,1,,no_hazard,mlp8
68,0.8099288873019638,0.8118937020570733,0.4527778868116952,1,,no_hazard,mlp8
69,0.8061031347951951,0.8081034717918862,0.44954200143753564,1,,no_hazard,mlp8
70,0.8085989377384207,0.8110065188358924,0.446362816121554,1,0.8090988698508732,no_hazard,mlp8
71,0.8159713214470259,0.8176344479180304,0.4427522222923627,1,,no_hazard,mlp8
72,0.8128023269531759,0.8150592459866884,0.43944402723558784,1,,no_hazard,mlp8
73,0.8091173543162182,0.8108270516366358,0.43751668163202795,1,,no_hazard,mlp8
74,0.8115392684298686,0.8129738435665165,0.43511550899504436,1,,no_hazard,mlp8
75,0.811690559783973,0.8137609725484496,0.43404372768084315,1,,no_hazard,mlp8
76,0.8177056134227674,0.819224607043175,0.4348672802189839,1,,no_hazard,mlp8
77,0.8167432073213348,0.8186797923067805,0.4326372036427899,1,,no_hazard,mlp8
78,0.8096040564753627,0.8121501374538806,0.43244700315881673,1,,no_hazard,mlp8
79,0.809079693963312,0.8098649377968778,0.4325688203383451,1,,no_hazard,mlp8
80,0.817123617966732,0.8187961095789238,0.4319167071165503,1,0.8086891190648768,no_hazard,mlp8
81,0.8066336666146405,0.8083178795704165,0.43146624424782587,1,,no_hazard,mlp8
82,0.8112555971239823,0.8129166761956219,0.43025732240020054,1,,no_hazard,mlp8
83,0.8155337307959065,0.8165516174073808,0.4313209312347915,1,,no_hazard,mlp8
84,0.8097019042478018,0.81252676051554,0.43112245251551723,1,,no_hazard,mlp8
85,0.8118240622416313,0.8130327538482094,0.42950862891383756,1,,no_hazard,mlp8
86,0.8242534560367709,0.8263810414578209,0.42927595729753454,1,,no_hazard,mlp8
87,0.8027314232456525,0.8033373514467828,0.4291213847152797,1,,no_hazard,mlp8
88,0.8132445502391628,0.8141850121738359,0.4282399495694296,1,,no_hazard,mlp8
89,0.8056859173854436,0.8070246048063376,0.4280760394108519,1,,no_hazard,mlp8
90,0.8101613540519033,0.8117499937568844,0.42704826302472854,1,0.8087004895653256,no_hazard,mlp8
91,0.8190347519912468,0.8205806066225267,0.42387185350299605,1,,no_hazard,mlp8
92,0.8168695069917626,0.8181449619152237,0.4212688274169555,1,,no_hazard,mlp8
93,0.8153604975699037,0.8171276805180631,0.41890135726086597,1,,no_hazard,mlp8
94,0.8126199436417914,0.813401473286987,0.41757745573229216,1,,no_hazard,mlp8
95,0.8101763465964502,0.8109951333495506,0.4177247987042954,1,,no_hazard,mlp8
96,0.8131812588107425,0.8142291245993939,0.41683101478338996,1,,no_hazard,mlp8
97,0.8109977335469041,0.8120661398618645,0.416571827147543,1,,no_hazard,mlp8
98,0.8149711493351137,0.816196368010095,0.4160188042156263,1,,no_hazard,mlp8
99,0.8108309251009327,0.8118472566881072,0.41530646038476265,1,,no_hazard,mlp8
100,0.8230752454018746,0.8243823820460778,0.41433309673666424,1,0.8086198282860158,no_hazard,mlp8
101,0.8187709252241209,0.8200279937620547,0.41293482331390097,1,,no_hazard,mlp8
102,0.8025591773104308,0.8041791227046791,0.4107973320518401,1,,no_hazard,mlp8
103,0.8054372381120554,0.806554780089436,0.40933083922047353,1,,no_hazard,mlp8
104,0.812412882386965,0.813183130513145,0.4069641976207208,1,,no_hazard,mlp8
105,0.8112720415727734,0.8126109415239007,0.405265033666161,1,,no_hazard,mlp8
106,0.8154702761692024,0.8161805946785314,0.40430684887175417,1,,no_hazard,mlp8
107,0.8064501198588545,0.8072316895990328,0.4036501823187718,1,,no_hazard,mlp8
108,0.8088616223478211,0.8096198589936252,0.4026833873989905,1,,no_hazard,mlp8
109,0.8097322110481001,0.8106615482314843,0.4011105747054566,1,,no_hazard,mlp8
110,0.8135713090635331,0.8144067417888782,0.40203669989128066,1,0.8085586339726574,no_hazard,mlp8
111,0.7969886552687393,0.797887577372992,0.4041282542196682,1,,no_hazard,mlp8
112,0.8076824417389565,0.8083216867020248,0.4060697503216918,1,,no_hazard,mlp8
113,0.8096806335390282,0.8102224604454654,0.4070230130791074,1,,no_hazard,mlp8
114,0.8029878528969698,0.8037386325045097,0.4077836433617222,1,,no_hazard,mlp8
115,0.8068954349111775,0.8078824186806183,0.4084128132423215,1,,no_hazard,mlp8
116,0.8015527246452029,0.8024794979082128,0.4087247224669507,1,,no_hazard,mlp8
117,0.8158323769323265,0.8175473877047262,0.4094347799461136,1,,no_hazard,mlp8
118,0.8083898720147237,0.8090147208724516,0.4105036643930032,1,,no_hazard,mlp8
119,0.8177750076327037,0.8189030425009215,0.4111767835368735,1,,no_hazard,mlp8
120,0.8199262110939072,0.8208230021246878,0.4108357541362238,1,0.8081633006192855,no_hazard,mlp8
1,1.008169496134887,1.3254649960024603,0.4776401477798436,2,0.9579661046183237,no_hazard,mlp8
2,0.8503560640091181,1.2682909383480916,0.46231428667301816,2,,no_hazard,mlp8
3,0.837206394845456,1.0064610168797503,0.451300898154046,2,,no_hazard,mlp8
4,0.8188173522256004,0.9615058606137625,0.44319752960570835,2,,no_hazard,mlp8
5,0.8298376100821457,0.9640641892666595,0.4369519947009582,2,,no_hazard,mlp8
6,0.8203865020843905,0.8569855656220308,0.4341869734397617,2,,no_hazard,mlp8
7,0.8133108088955304,0.9109017612298471,0.43346137372339766,2,,no_hazard,mlp8
8,0.8052153584375648,0.8321078575702703,0.43169594958015484,2,,no_hazard,mlp8
9,0.8117720292623201,0.8337537247176874,0.42956051085248076,2,,no_hazard,mlp8
10,0.8220449160948436,0.8340966055869234,0.4294279530920829,2,0.811850331352826,no_hazard,mlp8
11,0.8116251918750809,0.8231872183045689,0.42960835426365984,2,,no_hazard,mlp8
12,0.8195566811693646,0.8350383926133771,0.4303464050369897,2,,no_hazard,mlp8
13,0.813033462541316,0.8266112075539743,0.4305940495046384,2,,no_hazard,mlp8
14,0.8146032587299317,0.8263057070774686,0.43164200472020514,2,,no_hazard,mlp8
15,0.8164401676233703,0.8277212404915579,0.4334763707601972,2,,no_hazard,mlp8
16,0.8137787304778547,0.8290232086721048,0.4346910998757042,2,,no_hazard,mlp8
17,0.8097864090974363,0.8260595146582141,0.43628186710069744,2,,no_hazard,mlp8
18,0.8121838831978818,0.8276059850979283,0.43856891422088984,2,,no_hazard,mlp8
19,0.8098571629073084,0.8452546751158994,0.44116305502676606,2,,no_hazard,mlp8
20,0.81028891158822,0.8382227870580118,0.4437064006556054,2,0.8099166634069532,no_hazard,mlp8
21,0.807216016442444,0.8204401160562618,0.44482173676840303,2,,no_hazard,mlp8
22,0.807363951400882,0.8190307898675752,0.44469826041591975,2,,no_hazard,mlp8
23,0.814801267890485,0.8316083714197152,0.44609848396349044,2,,no_hazard,mlp8
24,0.8186269657537993,0.8306681338209994,0.4462719895062571,2,,no_hazard,mlp8
25,0.8082137117959058,0.8211539661672909,0.4476304653770121,2,,no_hazard,mlp8
26,0.8058748847810651,0.815797412236941,0.4489215619456604,2,,no_hazard,mlp8
27,0.8040385972117028,0.8064297131721476,0.45067037112995295,2,,no_hazard,mlp8
28,0.8171279899046557,0.8232728358618498,0.45368416921461674,2,,no_hazard,mlp8
29,0.8155134848941318,0.8201158508001238,0.4554449202181823,2,,no_hazard,mlp8
30,0.8154421083988521,0.8195226307529782,0.45821719423864044,2,0.8088213725938377,no_hazard,mlp8
31,0.8245668090136018,0.8265132598123885,0.4608447955379919,2,,no_hazard,mlp8
32,0.8070302006780327,0.8105380645281847,0.4621414054507662,2,,no_hazard,mlp8
33,0.8030040652159149,0.8071939957522916,0.4655186211782124,2,,no_hazard,mlp8
34,0.8059233163775453,0.816640087987252,0.46835756760765773,2,,no_hazard,mlp8
35,0.8057280892392041,0.8129049454642678,0.4704394286971784,2,,no_hazard,mlp8
36,0.8129932721660483,0.8204064845603145,0.4711006909813107,2,,no_hazard,mlp8
37,0.808454334479559,0.8144594406570524,0.4696365810440635,2,,no_hazard,mlp8
38,0.8045757717101039,0.8083679274624347,0.46670887965354885,2,,no_hazard,mlp8
39,0.8094118168686386,0.8218936693843216,0.46236513551799746,2,,no_hazard,mlp8
40,0.8130534016786618,0.8185284674182052,0.46062375636879965,2,0.8087860525207662,no_hazard,mlp8
41,0.8132582783732771,0.8200699110814739,0.45895449766577856,2,,no_hazard,mlp8
42,0.8211286527544244,0.8251295270875129,0.4600015688090293,2,,no_hazard,mlp8
43,0.8033781941362705,0.8061648342262937,0.46077211541534424,2,,no_hazard,mlp8
44,0.8032482123394695,0.8072077767456494,0.46193748523840905,2,,no_hazard,mlp8
45,0.815353359935236,0.8187238298170639,0.46276891642312873,2,,no_hazard,mlp8
46,0.8194862279380793,0.829557282760437,0.46321989304257644,2,,no_hazard,mlp8
47,0.818571653129371,0.8218167780360919,0.46351918311876317,2,,no_hazard,mlp8
48,0.8230748796077706,0.8306658041499917,0.4654974079649671,2,,no_hazard,mlp8
49,0.8135384833376667,0.8192075103024272,0.4669880994319151,2,,no_hazard,mlp8
50,0.8079450693446086,0.8141936686043323,0.46769560557948237,2,0.8091092879968823,no_hazard,mlp8
51,0.8046145861088999,0.8129746610506625,0.4675514499172105,2,,no_hazard,mlp8
52,0.8124606814200549,0.8172328091498595,0.46774283375942177,2,,no_hazard,mlp8
53,0.8072830948838645,0.808618184798831,0.468387323315341,2,,no_hazard,mlp8
54,0.8089084000597286,0.8100394604300719,0.4659375035370063,2,,no_hazard,mlp8
55,0.8086103096558857,0.8123097371910661,0.46506846851779493,2,,no_hazard,mlp8
56,0.8137929531137018,0.816019907482684,0.46359238213478265,2,,no_hazard,mlp8
57,0.8092559221165403,0.8146925216719182,0.4622390246101039,2,,no_hazard,mlp8
58,0.8122288188693976,0.8155423730748321,0.46312159565831773,2,,no_hazard,mlp8
59,0.8101445022611422,0.8134711526523017,0.46383223151706554,2,,no_hazard,mlp8
60,0.815095443099856,0.815791765152304,0.464338024968321,2,0.8090193553595012,no_hazard,mlp8
61,0.8142020571086903,0.8193774494944508,0.46633344810115485,2,,no_hazard,mlp8
62,0.815058064037059,0.8162211697007238,0.4714803738496259,2,,no_hazard,mlp8
63,0.8104073546523551,0.8134510083660125,0.47795408057489885,2,,no_hazard,mlp8
64,0.807671452168405,0.809271203075027,0.4843223286982658,2,,no_hazard,mlp8
65,0.8113432551822888,0.8132178105874606,0.4893518699561275,2,,no_hazard,mlp8
66,0.8219380624787533,0.8254489396557677,0.49288641671230143,2,,no_hazard,mlp8
67,0.8108058419756743,0.8130505875545347,0.49552203770362097,2,,no_hazard,mlp8
68,0.8129441761994642,0.8143136282098009,0.4968322339453409,2,,no_hazard,mlp8
69,0.8135535368984912,0.8180295717887301,0.4984140352480197,2,,no_hazard,mlp8
70,0.8173999407997319,0.8203359073550394,0.5006145678342592,2,0.8088770945232564,no_hazard,mlp8
71,0.8017933578443688,0.8036788573185163,0.5018002322170676,2,,no_hazard,mlp8
72,0.8115320879711045,0.8183868644610122,0.5034481434683556,2,,no_hazard,mlp8
73,0.8081971494635147,0.8104509617821167,0.5032068865570654,2,,no_hazard,mlp8
74,0.8090956898508495,0.8165540417350321,0.5038816882967434,2,,no_hazard,mlp8
75,0.81164718860484,0.8141668638853086,0.5047170118748862,2,,no_hazard,mlp8
76,0.8116727800393113,0.8160795495156266,0.5040914980263493,2,,no_hazard,mlp8
77,0.8138046058934938,0.8174236869774484,0.5049946552197722,2,,no_hazard,mlp8
78,0.8082980916657156,0.8128192092262904,0.5043795238374713,2,,no_hazard,mlp8
79,0.8082863466171682,0.8150224995207193,0.5019379164991941,2,,no_hazard,mlp8
80,0.8058213154364201,0.8086147814734925,0.4977226694998127,2,0.8090343985474773,no_hazard,mlp8
81,0.808174913407147,0.8108194826230397,0.4946634220404995,2,,no_hazard,mlp8
82,0.8056672878946329,0.8071571347864858,0.49156721270395515,2,,no_hazard,mlp8
83,0.8089518588177065,0.8104399804308364,0.48960821430575063,2,,no_hazard,mlp8
84,0.8100170679156511,0.8109468633979227,0.48802890373221597,2,,no_hazard,mlp8
85,0.8128531646984323,0.8141585975892464,0.4882136439536639,2,,no_hazard,mlp8
86,0.816688336622502,0.817387874388827,0.4887148553068942,2,,no_hazard,mlp8
87,0.811330497796712,0.8123420151787447,0.48858681753105654,2,,no_hazard,mlp8
88,0.8053289444547336,0.8067070568023399,0.48644750699085526,2,,no_hazard,mlp8
89,0.8094692783931863,0.8108649966363056,0.48350768675184835,2,,no_hazard,mlp8
90,0.8128853541452107,0.8147352680606379,0.4830645996040011,2,0.8087536412958073,no_hazard,mlp8
91,0.8159245835082718,0.817047431077115,0.4834259467316854,2,,no_hazard,mlp8
92,0.8200648523545002,0.8218771877374333,0.4801210892510945,2,,no_hazard,mlp8
93,0.8075196393982371,0.8091842753504321,0.4772024154559834,2,,no_hazard,mlp8
94,0.8099225275327379,0.8113682084235226,0.47596933440194605,2,,no_hazard,mlp8
95,0.8022023362289383,0.8031112852048978,0.47446699168793377,2,,no_hazard,mlp8
96,0.8137219002791267,0.8145889387054863,0.4716947323841662,2,,no_hazard,mlp8
97,0.8056814674779689,0.8069823230507883,0.4694750913922851,2,,no_hazard,mlp8
98,0.7986452414636602,0.8001451879285442,0.4663023156248115,2,,no_hazard,mlp8
99,0.8216932346947212,0.8231375933344699,0.4642034062509258,2,,no_hazard,mlp8
100,0.8099368394819799,0.8115761908130216,0.4616582950535187,2,0.8087669549311047,no_hazard,mlp8
101,0.8045061294464224,0.8057533786443449,0.45940275991773716,2,,no_hazard,mlp8
102,0.8165125587112914,0.8183038777520072,0.45779964809567436,2,,no_hazard,mlp8
103,0.8126359334999078,0.8146393809824279,0.4556793074755477,2,,no_hazard,mlp8
104,0.8137391882578873,0.8168645416496079,0.4540955843914994,2,,no_hazard,mlp8
105,0.8036156632846871,0.8051743592343358,0.45412833769980354,2,,no_hazard,mlp8
106,0.8113640051459443,0.814520187493555,0.4551372393449474,2,,no_hazard,mlp8
107,0.813202613538327,0.8160257446306215,0.45578052816873366,2,,no_hazard,mlp8
108,0.8068207316463191,0.8107913038022644,0.4564734593685039,2,,no_hazard,mlp8
109,0.8148601105183175,0.8156036525843503,0.4584652257299194,2,,no_hazard,mlp8
110,0.8111468624593463,0.8121562009139048,0.46080639074147955,2,0.8090060959209053,no_hazard,mlp8
111,0.8105539035497498,0.8112705080489426,0.4630139348229635,2,,no_hazard,mlp8
112,0.8114241642645399,0.8143851000773522,0.4648302835502788,2,,no_hazard,mlp8
113,0.8158079997315294,0.8192329980869729,0.46840628482971947,2,,no_hazard,mlp8
114,0.8066435828579963,0.8074414939872516,0.4720801485285992,2,,no_hazard,mlp8
115,0.8054788999775826,0.806326939744223,0.47378405378243305,2,,no_hazard,mlp8
116,0.8261535475965647,0.8265645108343593,0.47403070436993205,2,,no_hazard,mlp8
117,0.8119260098634227,0.8143330208757378,0.47604508289908987,2,,no_hazard,mlp8
118,0.8183008242787697,0.8189975823025062,0.4752497446893653,2,,no_hazard,mlp8
119,0.8075095581984753,0.8094813513188022,0.4768393618488699,2,,no_hazard,mlp8
120,0.8104295671221687,0.8111492735414783,0.4791687809257454,2,0.8087892867690927,no_hazard,mlp8
1,0.9833715822805469,1.2583379178734713,0.4812688992881204,0,0.9190443121250338,full,mlp8
2,0.8838472555424473,1.2174508522663503,0.46720325480140984,0,,full,mlp8
3,0.8506595275279971,1.1118172590944622,0.4567099488122364,0,,full,mlp8
4,0.857750440059249,1.004638440521659,0.44753367743728356,0,,full,mlp8
5,0.8655013634803954,1.018523257889522,0.4410462740015522,0,,full,mlp8
6,0.8354826919544553,0.9447659865037201,0.4340678558308903,0,,full,mlp8
7,0.8406762453588161,0.8941176432758204,0.428320607821481,0,,full,mlp8
8,0.8125328026820514,0.8923979207405673,0.423778636320422,0,,full,mlp8
9,0.8382999858134936,0.8988767290672912,0.419044858775111,0,,full,mlp8
10,0.8209090778505692,0.8805757200613032,0.4148306908619429,0,0.8289628649134324,full,mlp8
11,0.8134003362246558,0.8556493186249909,0.4107979803729921,0,,full,mlp8
12,0.8210174348703384,0.8590660242842637,0.40754327743174923,0,,full,mlp8
13,0.8196330674966508,0.857852817896406,0.405537718265536,0,,full,mlp8
14,0.8215826847657183,0.8423305169504725,0.4036558910932706,0,,full,mlp8
15,0.8023264300206756,0.8256746774517603,0.4017287733373844,0,,full,mlp8
16,0.8110164328394721,0.8318792416644586,0.3987903290175066,0,,full,mlp8
17,0.8156002240924717,0.8315290823250988,0.3966607078080377,0,,full,mlp8
18,0.8085080713319586,0.8303650676849665,0.39514219965722047,0,,full,mlp8
19,0.8081823131084152,0.8216161906671707,0.39587868395361364,0,,full,mlp8
20,0.814326454091816,0.8292546686820615,0.39578184284016277,0,0.8139600856767052,full,mlp8
21,0.8194407030810342,0.8339171660034717,0.3955042002550886,0,,full,mlp8
22,0.8169464897417295,0.8364003726735886,0.396923307123972,0,,full,mlp8
23,0.8184358920944352,0.8373645997899586,0.3986662009106721,0,,full,mlp8
24,0.8154320801734913,0.8345125547661514,0.399159753088297,0,,full,mlp8
25,0.8111224533272552,0.8221503184724788,0.40020709771359786,0,,full,mlp8
26,0.814492941805732,0.8320531494770071,0.40200031820399384,0,,full,mlp8
27,0.8153279435828963,0.8308150112742528,0.4036544034988629,0,,full,mlp8
28,0.8104456481575317,0.8201090324582538,0.4054989886476492,0,,full,mlp8
29,0.8297919250035526,0.841218339679643,0.4080525065609689,0,,full,mlp8
30,0.8224039189735789,0.8328202406727891,0.40934288409967484,0,0.8122772143267687,full,mlp8
31,0.8106048123280054,0.8180213213534085,0.40977870777070263,0,,full,mlp8
32,0.8146359753918144,0.8199940438106057,0.40989231907796064,0,,full,mlp8
33,0.8114718759940953,0.8194701406212426,0.41003402645073794,0,,full,mlp8
34,0.809387650342875,0.8225570493874008,0.4105894613340051,0,,full,mlp8
35,0.8163983581599883,0.8278114667896713,0.4117142304515115,0,,full,mlp8
36,0.8210187797241757,0.8298929024688075,0.41162152634348254,0,,full,mlp8
37,0.812543920788547,0.8182827018309696,0.41169117182450815,0,,full,mlp8
38,0.8187321544375172,0.8289052825057759,0.4115332305760851,0,,full,mlp8
39,0.809917849626528,0.8185978690215694,0.4114777567007704,0,,full,mlp8
40,0.8178604091465582,0.8274643684769298,0.41207395036593136,0,0.8112262572542779,full,mlp8
41,0.8113021755865191,0.8154411927070202,0.4119441271373894,0,,full,mlp8
42,0.8127457190852383,0.8192789027991566,0.412787688762456,0,,full,mlp8
43,0.8138047759373064,0.8217156708360864,0.41373041217381107,0,,full,mlp8
44,0.8113694939993437,0.813754192269392,0.4144190952674241,0,,full,mlp8
45,0.8056808580269431,0.8109474642285528,0.41273614615451215,0,,full,mlp8
46,0.8176125180271216,0.8255209053568731,0.41152442392324257,0,,full,mlp8
47,0.8133025358659989,0.8150438421603066,0.410472944066304,0,,full,mlp8
48,0.8134618835934095,0.8207949329030736,0.4085231557659096,0,,full,mlp8
49,0.8208366599654883,0.8260693922104828,0.4064847054973923,0,,full,mlp8
50,0.8142040526492428,0.8171551841292783,0.40539405818461755,0,0.8102898775464569,full,mlp8
51,0.8130701278626247,0.817741555276646,0.4040372935383925,0,,full,mlp8
52,0.8127609472507301,0.8178930612866081,0.4030550072671501,0,,full,mlp8
53,0.8159623211054342,0.8186029140486586,0.40269078919283907,0,,full,mlp8
54,0.8102333658617629,0.8127844597459302,0.40242957997491186,0,,full,mlp8
55,0.8056615121895694,0.8077709631546465,0.4030704782905327,0,,full,mlp8
56,0.82423897139766,0.8288855399534495,0.40406204372150023,0,,full,mlp8
57,0.8129378081448211,0.8204276066461258,0.40513302292763265,0,,full,mlp8
58,0.816945999316695,0.8279402181041434,0.40683786044938686,0,,full,mlp8
59,0.8022207159561476,0.8113980809287076,0.4080195510338537,0,,full,mlp8
60,0.8106625861409862,0.8161777359175475,0.4089469071027734,0,0.8097942633548543,full,mlp8
61,0.8153168558248671,0.8167224911420724,0.40991705074074486,0,,full,mlp8
62,0.808031146751101,0.8103585792875173,0.4104202467472522,0,,full,mlp8
63,0.8068404966834954,0.8081685039311595,0.4109234631777301,0,,full,mlp8
64,0.8144916125288749,0.8177638361748073,0.409738619416768,0,,full,mlp8
65,0.8139832854023221,0.8165353327026638,0.4085510856868591,0,,full,mlp8
66,0.808559195889784,0.812155033520835,0.406681745219915,0,,full,mlp8
67,0.8118378702244147,0.8157762739129232,0.4057724407124169,0,,full,mlp8
68,0.8112686811595149,0.8129472331142498,0.4044210339985853,0,,full,mlp8
69,0.8064003209052638,0.8090073071297766,0.4030526232635101,0,,full,mlp8
70,0.8084792289272713,0.811902787722432,0.402066306585429,0,0.810423992533603,full,mlp8
71,0.8110184013797614,0.8127548946238641,0.4020158904562865,0,,full,mlp8
72,0.8047723434418812,0.8064103150737463,0.40222743243893716,0,,full,mlp8
73,0.8105683065751876,0.8134376840887336,0.4032610380486523,0,,full,mlp8
74,0.817141268578814,0.8198607185583418,0.40459569620036223,0,,full,mlp8
75,0.8168809720436678,0.8202748323468259,0.40528653729400166,0,,full,mlp8
76,0.811225577198168,0.8160784025239955,0.4050996360676757,0,,full,mlp8
77,0.8097429440765812,0.8127120153524225,0.4055375499868418,0,,full,mlp8
78,0.8135416729376017,0.8153458985847186,0.40508812191320986,0,,full,mlp8
79,0.8093698205139458,0.8133206158987003,0.4041239878054695,0,,full,mlp8
80,0.8136191332717435,0.8150511893778356,0.40295067291100045,0,0.809262862382673,full,mlp8
81,0.8208503680665786,0.825175747538079,0.4018977699625324,0,,full,mlp8
82,0.8055154978351506,0.8091458411589718,0.39974304870111427,0,,full,mlp8
83,0.8046835772044099,0.8080547000514094,0.3977068026272341,0,,full,mlp8
84,0.8111846586189925,0.8157616044124301,0.39563010244096486,0,,full,mlp8
85,0.8048807472824002,0.8069506390667347,0.39336135606566897,0,,full,mlp8
86,0.8087658957897546,0.8107379899821247,0.390550920167286,0,,full,mlp8
87,0.8127739953045172,0.8149848710336676,0.3873705332596936,0,,full,mlp8
88,0.8075142720212873,0.8110775185050243,0.383581284127691,0,,full,mlp8
89,0.8126352162806505,0.8162054707410522,0.3799286818214573,0,,full,mlp8
90,0.8080384071695279,0.8095528975182906,0.3752844369390052,0,0.8089203590361771,full,mlp8
91,0.8115854233827519,0.8172342919247124,0.3722756010611647,0,,full,mlp8
92,0.8250338906821515,0.8318752806522075,0.36922441582885845,0,,full,mlp8
93,0.8041540014145634,0.8089112122454555,0.36525145104454554,0,,full,mlp8
94,0.8075123850864567,0.8107531377225691,0.3612803125723969,0,,full,mlp8
95,0.8111732693782859,0.8153233376974789,0.3575422574429396,0,,full,mlp8
96,0.809350066271495,0.8162088395350295,0.3548959756621369,0,,full,mlp8
97,0.8102530943351693,0.8205052876639369,0.352683915829616,0,,full,mlp8
98,0.8109669044231055,0.818847939658954,0.3508544637378615,0,,full,mlp8
99,0.814026702078664,0.8194562658536859,0.35014681703163375,0,,full,mlp8
100,0.8119209410322429,0.817164959387692,0.349170463325037,0,0.8089433462133712,full,mlp8
101,0.8094716411797791,0.8163770143098695,0.34800765561629715,0,,full,mlp8
102,0.8125933241790395,0.8167341317141962,0.34762684202425365,0,,full,mlp8
103,0.8237208374329438,0.8274932893634594,0.34653052936643847,0,,full,mlp8
104,0.8025635334703751,0.8048975120593804,0.34506367366686225,0,,full,mlp8
105,0.8207478799339185,0.8229861294254901,0.34379922561223725,0,,full,mlp8
106,0.812512475738191,0.8160348464008573,0.3424687662767928,0,,full,mlp8
107,0.8089961663649271,0.8143590418133239,0.3424975014200215,0,,full,mlp8
108,0.8094111752100595,0.8113174107623895,0.3427143082861405,0,,full,mlp8
109,0.802821317413654,0.8090084944065055,0.34203865187712335,0,,full,mlp8
110,0.8117139693432124,0.8169364851921297,0.3411352434569283,0,0.8095634127552064,full,mlp8
111,0.8078057821547204,0.8111820848532926,0.34012362802247365,0,,full,mlp8
112,0.8037086315755229,0.8070144981759313,0.3397011436393816,0,,full,mlp8
113,0.8158101154257552,0.8192367197814446,0.3406326217987857,0,,full,mlp8
114,0.8053882782951035,0.8068561631731046,0.34121639019721955,0,,full,mlp8
115,0.8104301263285257,0.8146854411518687,0.3415450863507229,0,,full,mlp8
116,0.8127820561172712,0.8165961550152285,0.3409291359058793,0,,full,mlp8
117,0.8006162285549308,0.8078061273372414,0.3394332346103823,0,,full,mlp8
118,0.8079639615542908,0.8131491959787143,0.3375429770542564,0,,full,mlp8
119,0.8112430437857352,0.8154833574994509,0.3354165473843734,0,,full,mlp8
120,0.8156166650823311,0.8192815532259756,0.3333324277447712,0,0.8089351478257664,full,mlp8
1,1.028572342602328,1.452044369957276,0.4818092741010983,1,0.9501521136040567,full,mlp8
2,1.0133475746640264,1.341441149386442,0.4675648230201293,1,,full,mlp8
3,0.9432755831430262,1.1416445525171395,0.4564058274312889,1,,full,mlp8
4,0.9032342637334134,1.1212827383489998,0.44672760116776505,1,,full,mlp8
5,0.9297945370586027,1.0996808645511609,0.43868583638030884,1,,full,mlp8
6,0.8926599824837259,1.0110245986583788,0.4323553199844197,1,,full,mlp8
7,0.8502932544954998,0.9727258986981766,0.42656796698682325,1,,full,mlp8
8,0.8652711363583254,0.9671691473277491,0.42161344975620707,1,,full,mlp8
9,0.8550102747427251,0.9097039672855747,0.4166440038273517,1,,full,mlp8
10,0.8284157806308234,0.8859018516305621,0.412184110497817,1,0.8630111277810363,full,mlp8
11,0.8426302908396612,0.9285144785125001,0.4085981453744892,1,,full,mlp8
12,0.8348934955320231,0.8836233969796492,0.40471807432479395,1,,full,mlp8
13,0.8352042397435477,0.8642846487147091,0.40051938351379823,1,,full,mlp8
14,0.8203871472023654,0.8720182933966261,0.3960992551333333,1,,full,mlp8
15,0.8204833040653837,0.8707538567293567,0.39238497780145576,1,,full,mlp8
16,0.817226002232021,0.849960329791936,0.3897165526649622,1,,full,mlp8
17,0.8263454780324053,0.8555318240991782,0.3880056038805245,1,,full,mlp8
18,0.8188831411837452,0.8395591105276854,0.3860332432428728,1,,full,mlp8
19,0.8198801207104326,0.8379959615035597,0.38590185646765307,1,,full,mlp8
20,0.8263345811778469,0.8445162931781118,0.38615842419910895,1,0.8142602529457823,full,mlp8
21,0.8117738636326737,0.8274430662553429,0.3869347208540135,1,,full,mlp8
22,0.8123072592508468,0.8264516583899136,0.38862554179657904,1,,full,mlp8
23,0.8184159286516377,0.8348364460760904,0.3897025344621973,1,,full,mlp8
24,0.8170959228137717,0.8521664319406712,0.3908785283538409,1,,full,mlp8
25,0.8184544301951008,0.8392686098695937,0.39180285308490714,1,,full,mlp8
26,0.81541036016166,0.8440289795300071,0.39366808431525757,1,,full,mlp8
27,0.8074651573963986,0.8431694894943327,0.39482767855971534,1,,full,mlp8
28,0.8201684030953504,0.8542824338054695,0.3962276349942577,1,,full,mlp8
29,0.8209544078833788,0.8444632908090648,0.3969754685676873,1,,full,mlp8
30,0.813939661962943,0.8446272308441327,0.39745751618947744,1,0.8121458069015737,full,mlp8
31,0.8153601852739967,0.826230485370284,0.39753456903159523,1,,full,mlp8
32,0.8178428587895834,0.8341934860998715,0.3973263884276274,1,,full,mlp8
33,0.8169851376627675,0.8570467217435812,0.3978098170184557,1,,full,mlp8
34,0.8137951681423424,0.8319133249325839,0.397830236374217,1,,full,mlp8
35,0.8191638438128801,0.8347789389527058,0.398008465688699,1,,full,mlp8
36,0.815937636519852,0.8297715044593479,0.3973406100048585,1,,full,mlp8
37,0.8121198746679281,0.8315430181059111,0.3964078385288748,1,,full,mlp8
38,0.8211564042477697,0.8375313379514493,0.3961643137947082,1,,full,mlp8
39,0.8100234486907629,0.8319548021755065,0.3952701596606605,1,,full,mlp8
40,0.8117943034733808,0.8536745889075941,0.3943629562819199,1,0.8126903446339476,full,mlp8
41,0.8166034357553829,0.839040952458528,0.39259497537302546,1,,full,mlp8
42,0.8147488380917225,0.8315971725664266,0.39093250653610523,1,,full,mlp8
43,0.8282844532345602,0.8384522464544182,0.38905221590998645,1,,full,mlp8
44,0.8162445696986412,0.824876477423022,0.3869864816032055,1,,full,mlp8
45,0.8047072852282672,0.820827188884401,0.38509468541097197,1,,full,mlp8
46,0.8114913989878638,0.8273900421196558,0.38375662020450835,1,,full,mlp8
47,0.814701800600788,0.8229633688985769,0.38306904612921133,1,,full,mlp8
48,0.8186619385030471,0.8283179923084398,0.3828485513672981,1,,full,mlp8
49,0.8213547083472492,0.8288489523357185,0.3835204576296973,1,,full,mlp8
50,0.8145380668898792,0.8238973238991449,0.3840401753673738,1,0.8118814341833338,full,mlp8
51,0.8192048786653658,0.8248406926852891,0.38449256115784414,1,,full,mlp8
52,0.8125646172940779,0.8271132804757525,0.3846882210959267,1,,full,mlp8
53,0.816913004163534,0.833766187943147,0.38566900325610187,1,,full,mlp8
54,0.8137785123498023,0.8298095056661013,0.3863048141737573,1,,full,mlp8
55,0.8174649309966731,0.8248571260622878,0.3877229570243476,1,,full,mlp8
56,0.8154616788123699,0.8216904866225324,0.38793365918318723,1,,full,mlp8
57,0.8127263513593563,0.8168074578070729,0.38878931133088057,1,,full,mlp8
58,0.8043794552286438,0.8110398929412918,0.3895043155665223,1,,full,mlp8
59,0.8273454901980627,0.8308985093919616,0.3901481699727101,1,,full,mlp8
60,0.8080516860389404,0.81240953449928,0.39069211973511186,1,0.8102903545734002,full,mlp8
61,0.8116323388715677,0.8176095065568436,0.39123418733650944,1,,full,mlp8
62,0.8078384825503617,0.810121265036923,0.3909110495285347,1,,full,mlp8
63,0.8123423249140631,0.8165723701190453,0.39029764875393486,1,,full,mlp8
64,0.8098289074595493,0.8110481199424665,0.3892371929979832,1,,full,mlp8
65,0.8159786458407977,0.8205289558577551,0.38863306924566804,1,,full,mlp8
66,0.8162330511315097,0.8206069417367725,0.38905822171611215,1,,full,mlp8
67,0.8011515145305221,0.807256314232565,0.38919925182025444,1,,full,mlp8
68,0.8102920837343814,0.8144316682871835,0.3885164311932448,1,,full,mlp8
69,0.8064730502649636,0.8094773917714286,0.3864311759639707,1,,full,mlp8
70,0.8106360669399127,0.8154802347157469,0.38260629844503197,1,0.8101887492626649,full,mlp8
71,0.8170109290780586,0.8197046800533705,0.3800322911637445,1,,full,mlp8
72,0.8126750296208672,0.8171003191598303,0.37664617568016867,1,,full,mlp8
73,0.8095406835290226,0.8133783316883085,0.3734323435286151,1,,full,mlp8
74,0.8116320349193895,0.8156370459898435,0.3704169378991107,1,,full,mlp8
75,0.8120542381904393,0.8152007062207682,0.3676708580653377,1,,full,mlp8
76,0.8178457014611877,0.8207532070056073,0.3642901517705507,1,,full,mlp8
77,0.8174879844951719,0.8200987743356853,0.3622498411272283,1,,full,mlp8
78,0.8105227350377493,0.813606948426453,0.35937542327559885,1,,full,mlp8
79,0.8098377143539393,0.8115734611050336,0.3571667302082996,1,,full,mlp8
80,0.8175595878647257,0.8202347274264642,0.3540590289059009,1,0.8093767902406332,full,mlp8
81,0.808038806492176,0.8106729852780542,0.35132511304897907,1,,full,mlp8
82,0.8118729833995686,0.8153153285631493,0.34879869565516425,1,,full,mlp8
83,0.8161675968442805,0.8190739684680771,0.3475936855095183,1,,full,mlp8
84,0.8099054034931805,0.8138621813586351,0.34670653100437915,1,,full,mlp8
85,0.8119240457710597,0.8137344989901112,0.345884956894939,1,,full,mlp8
86,0.8239421253158952,0.8272333422819372,0.3450672974726705,1,,full,mlp8
87,0.8031925918178365,0.8060116703549829,0.34442656398613597,1,,full,mlp8
88,0.8136889917888671,0.8156563927034011,0.3443323182429695,1,,full,mlp8
89,0.8053358515816987,0.8076982014385996,0.3438287015641549,1,,full,mlp8
90,0.8103777340284922,0.8121112238432067,0.343506257005322,1,0.8093064888068621,full,mlp8
91,0.819461065515216,0.8218339534574488,0.34304542676075794,1,,full,mlp8
92,0.8176911040730186,0.8194081210592492,0.3434023550676915,1,,full,mlp8
93,0.8162512895479896,0.8175655726641968,0.3434539587875272,1,,full,mlp8
94,0.8131675013199428,0.8147753926111452,0.34424065486077116,1,,full,mlp8
95,0.8107564476287323,0.8135946521406099,0.34451647126258844,1,,full,mlp8
96,0.8130497638162633,0.8159369342347111,0.3444264997520954,1,,full,mlp8
97,0.810924773841674,0.8153571022270638,0.3447594525635162,1,,full,mlp8
98,0.8151823575408486,0.8167947974324928,0.34491612436450925,1,,full,mlp8
99,0.8110025564310848,0.8129910424290485,0.3463234605580743,1,,full,mlp8
100,0.82345677071699,0.8260344158978989,0.3489595715200347,1,0.8090014543598799,full,mlp8
101,0.8191299358774025,0.8237585156233849,0.35129741670801135,1,,full,mlp8
102,0.8022921221755193,0.8056566470034348,0.3528864652162601,1,,full,mlp8
103,0.8052643645261485,0.8084413505228938,0.3539874650120776,1,,full,mlp8
104,0.8125586932973494,0.8149283182039158,0.35468661110981914,1,,full,mlp8
105,0.8113939343888212,0.8141055815083771,0.3562977667116656,1,,full,mlp8
106,0.8161336366814214,0.8183728265735202,0.35762007058850026,1,,full,mlp8
107,0.8061763449488637,0.8086180307980408,0.36002819542814035,1,,full,mlp8
108,0.8088051756222486,0.8133959850687384,0.3627783420328886,1,,full,mlp8
109,0.8097460448107583,0.8138063610123351,0.36475827236965613,1,,full,mlp8
110,0.8140794409001701,0.8203183743332163,0.3655557120556663,1,0.8087201967821447,full,mlp8
111,0.7972433693381805,0.7998176881782362,0.3661149278156953,1,,full,mlp8
112,0.8085262154957864,0.811803061285655,0.36655922048118966,1,,full,mlp8
113,0.8104672976186695,0.8162749142421246,0.3663590000903845,1,,full,mlp8
114,0.8038847242006455,0.8075051059772487,0.36599288815655207,1,,full,mlp8
115,0.8085166479802265,0.8111552543028534,0.36573000211264556,1,,full,mlp8
116,0.8030316170195024,0.8056630249504575,0.3654374241658389,1,,full,mlp8
117,0.8173856459209701,0.8196619617999047,0.3668192592780464,1,,full,mlp8
118,0.808649681332309,0.8140315993436498,0.3701955332978744,1,,full,mlp8
119,0.8188548246474674,0.8235974935649178,0.37178086708423635,1,,full,mlp8
120,0.8194509209434948,0.82392641705004,0.3728124401676436,1,0.8093718648314159,full,mlp8
1,0.9396176068386692,1.233080340748017,0.4830954618152135,2,1.0066016459312128,full,mlp8
2,1.0960837382163604,1.3597698436349641,0.46947912909692857,2,,full,mlp8
3,0.8856616775905465,1.3528680174428833,0.4590856364062213,2,,full,mlp8
4,0.8706520001650406,1.105334363380447,0.4503272430399785,2,,full,mlp8
5,0.8697241604357697,1.0293099049631669,0.4408499353898717,2,,full,mlp8
6,0.8634330615815815,0.9903770411654448,0.4339899141907182,2,,full,mlp8
7,0.8498952747807096,0.9640438404650669,0.4285047263993424,2,,full,mlp8
8,0.8116018354452748,0.9152501453581713,0.42377752981332323,2,,full,mlp8
9,0.8218925600267872,0.8663493057744068,0.4200668572497465,2,,full,mlp8
10,0.8322681336708759,0.8973804402821561,0.41611967304653624,2,0.8175174767004287,full,mlp8
11,0.8209888687289191,0.8857014340611318,0.41086887402539235,2,,full,mlp8
12,0.8328670558870812,0.9016163341368909,0.40673205406286467,2,,full,mlp8
13,0.8210459979911595,0.858420160043489,0.4026112979610887,2,,full,mlp8
14,0.8193180576489016,0.8831645036650255,0.39877310345776174,2,,full,mlp8
15,0.8224825856137847,0.8667728659498148,0.394430658951279,2,,full,mlp8
16,0.8235371773953204,0.894644932183106,0.3911450812421567,2,,full,mlp8
17,0.8197459708998508,0.8847120586435773,0.3881283370796191,2,,full,mlp8
18,0.8257723727287405,0.8625961901399525,0.38445079522443015,2,,full,mlp8
19,0.8237047944828197,0.8540512974997958,0.3804876154416007,2,,full,mlp8
20,0.8168628802130906,0.8492232913801909,0.3773166604023694,2,0.8199253000126834,full,mlp8
21,0.8134856274483109,0.832172177649624,0.3744518331214715,2,,full,mlp8
22,0.8109953436034645,0.8393712892511165,0.3707092481794728,2,,full,mlp8
23,0.8271210985795727,0.8596341468611337,0.3672280685731489,2,,full,mlp8
24,0.828838916976653,0.8594709252309447,0.3646178767389177,2,,full,mlp8
25,0.8153148512251407,0.8404561226150509,0.36262920680604943,2,,full,mlp8
26,0.811073279409497,0.8262353272537729,0.3601280996219397,2,,full,mlp8
27,0.808140422387879,0.8283357802750709,0.3563686653489954,2,,full,mlp8
28,0.8201204966987135,0.8522054374368079,0.35313881251234375,2,,full,mlp8
29,0.8214763727347872,0.8498345517818346,0.3513096708213189,2,,full,mlp8
30,0.8231254673874115,0.8456624940985052,0.35006187159136226,2,0.8167565357925329,full,mlp8
31,0.8335580833518341,0.8492330743345919,0.3476942159604792,2,,full,mlp8
32,0.8112906529532875,0.8270318622206086,0.3448928760279318,2,,full,mlp8
33,0.8084968411848402,0.8202018077992669,0.34238971292489545,2,,full,mlp8
34,0.8123207872411081,0.8242929640986951,0.3406533985012996,2,,full,mlp8
35,0.8092293373503374,0.8196171389870794,0.3384487099682536,2,,full,mlp8
36,0.8149959118843242,0.8278100530423448,0.3380783472278655,2,,full,mlp8
37,0.8117402810042695,0.8214511468310877,0.33731541098685236,2,,full,mlp8
38,0.8087252806925468,0.824124825649815,0.3369470070721449,2,,full,mlp8
39,0.8121542374812916,0.8210372541283217,0.3375892591647854,2,,full,mlp8
40,0.8170993774478663,0.8291413970209631,0.338230525822174,2,0.8117371714873769,full,mlp8
41,0.8174031415191494,0.8335752865077135,0.3385248342037346,2,,full,mlp8
42,0.8227948792206741,0.8361379924265226,0.3381689982251648,2,,full,mlp8
43,0.8070761860127572,0.815049613555326,0.335828712653375,2,,full,mlp8
44,0.8054559233208716,0.8136003163681156,0.3343136837633747,2,,full,mlp8
45,0.8181845859093027,0.8335470500536483,0.3341648943677588,2,,full,mlp8
46,0.8230189779022257,0.8352035140199866,0.3350183846397192,2,,full,mlp8
47,0.8220002729264384,0.8307959509016034,0.3355762694641652,2,,full,mlp8
48,0.8270141485494888,0.8411997831982847,0.335405660012761,2,,full,mlp8
49,0.816094697331762,0.8277849171870242,0.3355936476669913,2,,full,mlp8
50,0.8114294600649887,0.8163112181347134,0.335737920427403,2,0.8124770965057753,full,mlp8
51,0.8071008054992035,0.8160622277409195,0.33611793395690154,2,,full,mlp8
52,0.8157019301954087,0.8275718003480731,0.3353482786391103,2,,full,mlp8
53,0.8097105737563002,0.8218853670351041,0.33441337882275396,2,,full,mlp8
54,0.8141000094246631,0.8221114750113014,0.33210929296436864,2,,full,mlp8
55,0.8113290746479295,0.8228648088364506,0.3298218234521645,2,,full,mlp8
56,0.8178181014865205,0.8217331544550455,0.32809422974036434,2,,full,mlp8
57,0.8120112630929024,0.8215913770540813,0.3267427435510988,2,,full,mlp8
58,0.8149578150985008,0.8250261049554684,0.325454832833427,2,,full,mlp8
59,0.8133679056123417,0.823457312272033,0.32475496266606496,2,,full,mlp8
60,0.8177813850994462,0.8301494132552623,0.32326329626352873,2,0.811571330439471,full,mlp8
61,0.8155718833436661,0.8247673508729572,0.32142255337255043,2,,full,mlp8
62,0.8182795642766584,0.8252693942339764,0.3210969910019749,2,,full,mlp8
63,0.8125217929146786,0.8201264442715818,0.32043533953067876,2,,full,mlp8
64,0.8097055150971872,0.8215144808012692,0.31982538841230934,2,,full,mlp8
65,0.8136924337567162,0.8209722532634112,0.31880852098658935,2,,full,mlp8
66,0.824231633596001,0.8279845066228031,0.31882575659704365,2,,full,mlp8
67,0.813747843455145,0.8225559578501862,0.3191573808031966,2,,full,mlp8
68,0.8156036693302119,0.8191278215480142,0.319509164028957,2,,full,mlp8
69,0.8149835314996181,0.8203179139775121,0.3195713785857318,2,,full,mlp8
70,0.8182107347226657,0.8221288025512039,0.32107381782019756,2,0.8108222694276352,full,mlp8
71,0.803464648623506,0.8075758544120824,0.32193654564062135,2,,full,mlp8
72,0.8140296765587184,0.8221752854057998,0.3220552749695914,2,,full,mlp8
73,0.8104355965969503,0.812597417354759,0.3217829171881841,2,,full,mlp8
74,0.8114249207533739,0.816371448510489,0.3225236969001131,2,,full,mlp8
75,0.8132691630315948,0.8153423896154868,0.32196290003035194,2,,full,mlp8
76,0.8151832145611853,0.8182864571807844,0.32075453410595567,2,,full,mlp8
77,0.8162045150743645,0.8199231476714761,0.3196594261463926,2,,full,mlp8
78,0.8121543441103682,0.8206685180735683,0.31968164277833505,2,,full,mlp8
79,0.8110600598297477,0.815584201942434,0.3202469491423877,2,,full,mlp8
80,0.8090997296407225,0.813417944703898,0.3205634288040039,2,0.8118665572977193,full,mlp8
81,0.810244527534708,0.8174345193452915,0.3201249337605402,2,,full,mlp8
82,0.8069383461725395,0.8140395297419083,0.32001833766922366,2,,full,mlp8
83,0.81103744206793,0.8138033517694456,0.3203620337419376,2,,full,mlp8
84,0.8131391691479566,0.8154611651173727,0.31994018795863066,2,,full,mlp8
85,0.8163717430330344,0.8245220490357069,0.31974633672029246,2,,full,mlp8
86,0.8201784557404773,0.8242612367229768,0.31874318574079963,2,,full,mlp8
87,0.8138048732854417,0.8203696445348843,0.3172527687128073,2,,full,mlp8
88,0.8083662369046584,0.8101436227883987,0.3150275312411663,2,,full,mlp8
89,0.8123621124515878,0.8153522684402265,0.31280440841974805,2,,full,mlp8
90,0.8166324872371469,0.8203105140784479,0.31098701160260955,2,0.8113739013779357,full,mlp8
91,0.8176430133555286,0.8202229621750287,0.3087907047868719,2,,full,mlp8
92,0.8223376216711479,0.8247711026316633,0.30703762809246593,2,,full,mlp8
93,0.8087922987627021,0.8113812321600666,0.3058645496059894,2,,full,mlp8
94,0.8110211702828236,0.8136894538711102,0.30420069385652676,2,,full,mlp8
95,0.8042708146341058,0.8119534770540477,0.3034879052765516,2,,full,mlp8
96,0.81573825461858,0.8185491949471824,0.3024850771494091,2,,full,mlp8
97,0.8083005216763672,0.8129376788799213,0.30194985164379,2,,full,mlp8
98,0.7990493051942308,0.8023075973457541,0.30139182280758287,2,,full,mlp8
99,0.8230288845102695,0.8263637802867883,0.30088659348963254,2,,full,mlp8
100,0.8117021538911524,0.8169844685149038,0.30125879939855843,2,0.8106873538066801,full,mlp8
101,0.8063511546774877,0.8104748421739819,0.3018489789368386,2,,full,mlp8
102,0.81954499157445,0.8219988749872491,0.3015967821897312,2,,full,mlp8
103,0.8155344826065286,0.8195658444122156,0.30114599541474457,2,,full,mlp8
104,0.8153037464930633,0.819206516034354,0.3000718438386123,2,,full,mlp8
105,0.8047988962989325,0.8076100932163732,0.29945533458953655,2,,full,mlp8
106,0.812209667023766,0.8169977436201381,0.2997669039767214,2,,full,mlp8
107,0.8154687861286001,0.820036977267473,0.3002612977372647,2,,full,mlp8
108,0.8095433301360215,0.8135245337859434,0.30154421178534346,2,,full,mlp8
109,0.8166800331980475,0.8214619036696382,0.3034268168209035,2,,full,mlp8
110,0.8131467034361373,0.816097879094607,0.3055085461915898,2,0.8102209481688825,full,mlp8
111,0.8125841326218901,0.8159035496113962,0.30645604295617046,2,,full,mlp8
112,0.812408490020941,0.8140906684609598,0.30714333053990617,2,,full,mlp8
113,0.8162187220342992,0.8184006290155739,0.30788982327569836,2,,full,mlp8
114,0.8088342089140274,0.8120935952881585,0.30797483326952296,2,,full,mlp8
115,0.8075021032584404,0.8094704857887557,0.3075797675699238,2,,full,mlp8
116,0.8266521761007101,0.8293414539968547,0.3065563166760153,2,,full,mlp8
117,0.8145292598026338,0.8194060929063104,0.3053650268211145,2,,full,mlp8
118,0.8199047804473528,0.8232019742305892,0.3050190968520691,2,,full,mlp8
119,0.8096194051065896,0.8130773892214587,0.30546566865448754,2,,full,mlp8
120,0.8119726106012166,0.8139803600431328,0.3053250918110908,2,0.8106608508491344,full,mlp8
